2017:ecg,ERROR
2017:hou,ERROR
2017:nyg,ERROR
2017:det,ERROR
2017:oor,ERROR
2017:ely,ERROR
2017:sen,ERROR
2017:cti,ERROR
2017:wbu,ERROR
2017:mnn,ERROR
2017:hrt,ERROR
2017:uti,ERROR
2017:lac,ERROR
2017:den,ERROR
2017:ken,ERROR
2017:sis,ERROR
2017:dtm,ERROR
2017:cli,ERROR
2017:cst,ERROR
2017:mil,ERROR
2017:mut,ERROR
2017:car,ERROR
2017:chl,ERROR
2017:gar,ERROR
2017:cra,ERROR
2017:tb,ERROR
2017:stg,ERROR
2017:dal,ERROR
2017:stp,ERROR
2017:chb,ERROR
2017:bcl,ERROR
2017:kc,ERROR
2017:rac,ERROR
2017:atn,ERROR
2017:atl,ERROR
2017:pul,ERROR
2017:wsh,ERROR
2017:bda,ERROR
2017:naa,ERROR
2017:ham,ERROR
2017:bba,ERROR
2017:col,ERROR
2017:cin,ERROR
2017:ric,ERROR
2017:bkn,ERROR
2017:nyy,ERROR
2017:mck,ERROR
2017:no,ERROR
2017:red,ERROR
2017:cnc,ERROR
2017:gb,ERROR
2017:min,ERROR
2017:sla,ERROR
2017:tlm,ERROR
2017:lou,ERROR
2017:lar,ERROR
2017:whe,ERROR
2017:dtx,ERROR
2017:nya,ERROR
2017:buf,ERROR
2017:wja,ERROR
2017:ng1,ERROR
2017:rch,ERROR
2017:mnm,ERROR
2017:phi,ERROR
2017:bff,ERROR
2017:bal,ERROR
2017:rii,ERROR
2017:sea,ERROR
2017:brl,ERROR
2017:oak,ERROR
2017:cib,ERROR
2017:mia,ERROR
2017:kew,ERROR
2017:ten,ERROR
2017:lab,ERROR
2017:tor,ERROR
2017:ptb,ERROR
2017:syr,ERROR
2017:ftp,ERROR
2017:ne,ERROR
2017:chi,ERROR
2017:rck,ERROR
2017:lan,ERROR
2017:prv,ERROR
2017:byk,ERROR
2017:zan,ERROR
2017:cht,ERROR
2017:cle,ERROR
2017:crp,ERROR
2017:ind,ERROR
2017:wgc,ERROR
2017:kcb,ERROR
2017:dhr,ERROR
2017:cbd,ERROR
2017:ari,ERROR
2017:day,ERROR
2017:abu,ERROR
2017:dwl,ERROR
2017:gun,ERROR
2017:tol,ERROR
2017:ftw,ERROR
2017:dti,ERROR
2017:cwp,ERROR
2017:sf,ERROR
2017:mun,ERROR
2017:msa,ERROR
2017:tho,ERROR
2017:akr,ERROR
2017:pit,ERROR
2017:uap,ERROR
2017:ton,ERROR
2017:clp,ERROR
2017:lda,ERROR
2017:ros,ERROR
2017:dpn,ERROR
2017:log,ERROR
2017:jax,ERROR
2017:nyj,ERROR
2017:ccl,ERROR
2017:dul,ERROR
2017:ptq,ERROR
2017:fyj,ERROR
2016:ecg,ERROR
2016:hou,ERROR
2016:nyg,ERROR
2016:det,ERROR
2016:oor,ERROR
2016:ely,ERROR
2016:sen,ERROR
2016:cti,ERROR
2016:wbu,ERROR
2016:mnn,ERROR
2016:hrt,ERROR
2016:uti,ERROR
2016:lac,ERROR
2016:den,ERROR
2016:ken,ERROR
2016:sis,ERROR
2016:dtm,ERROR
2016:cli,ERROR
2016:cst,ERROR
2016:mil,ERROR
2016:mut,ERROR
2016:car,ERROR
2016:chl,ERROR
2016:gar,ERROR
2016:cra,ERROR
2016:tb,ERROR
2016:stg,ERROR
2016:dal,ERROR
2016:stp,ERROR
2016:chb,ERROR
2016:bcl,ERROR
2016:kc,ERROR
2016:rac,ERROR
2016:atn,ERROR
2016:atl,ERROR
2016:pul,ERROR
2016:wsh,ERROR
2016:bda,ERROR
2016:naa,ERROR
2016:ham,ERROR
2016:bba,ERROR
2016:col,ERROR
2016:cin,ERROR
2016:ric,ERROR
2016:bkn,ERROR
2016:nyy,ERROR
2016:mck,ERROR
2016:no,ERROR
2016:red,ERROR
2016:cnc,ERROR
2016:gb,ERROR
2016:min,ERROR
2016:sla,ERROR
2016:tlm,ERROR
2016:lou,ERROR
2016:lar,ERROR
2016:whe,ERROR
2016:dtx,ERROR
2016:nya,ERROR
2016:buf,ERROR
2016:wja,ERROR
2016:ng1,ERROR
2016:rch,ERROR
2016:mnm,ERROR
2016:phi,ERROR
2016:bff,ERROR
2016:bal,ERROR
2016:rii,ERROR
2016:sea,ERROR
2016:brl,ERROR
2016:oak,ERROR
2016:cib,ERROR
2016:mia,ERROR
2016:kew,ERROR
2016:ten,ERROR
2016:lab,ERROR
2016:tor,ERROR
2016:ptb,ERROR
2016:syr,ERROR
2016:ftp,ERROR
2016:ne,ERROR
2016:chi,ERROR
2016:rck,ERROR
2016:lan,ERROR
2016:prv,ERROR
2016:byk,ERROR
2016:zan,ERROR
2016:cht,ERROR
2016:cle,ERROR
2016:crp,ERROR
2016:ind,ERROR
2016:wgc,ERROR
2016:kcb,ERROR
2016:dhr,ERROR
2016:cbd,ERROR
2016:ari,ERROR
2016:day,ERROR
2016:abu,ERROR
2016:dwl,ERROR
2016:gun,ERROR
2016:tol,ERROR
2016:ftw,ERROR
2016:dti,ERROR
2016:cwp,ERROR
2016:sf,ERROR
2016:mun,ERROR
2016:msa,ERROR
2016:tho,ERROR
2016:akr,ERROR
2016:pit,ERROR
2016:uap,ERROR
2016:ton,ERROR
2016:clp,ERROR
2016:lda,ERROR
2016:ros,ERROR
2016:dpn,ERROR
2016:log,ERROR
2016:jax,ERROR
2016:nyj,ERROR
2016:ccl,ERROR
2016:dul,ERROR
2016:ptq,ERROR
2016:fyj,ERROR
2015:ecg,ERROR
2015:hou,ERROR
2015:nyg,ERROR
2015:det,ERROR
2015:oor,ERROR
2015:ely,ERROR
2015:sen,ERROR
2015:cti,ERROR
2015:wbu,ERROR
2015:mnn,ERROR
2015:hrt,ERROR
2015:uti,ERROR
2015:lac,ERROR
2015:den,ERROR
2015:ken,ERROR
2015:sis,ERROR
2015:dtm,ERROR
2015:cli,ERROR
2015:cst,ERROR
2015:mil,ERROR
2015:mut,ERROR
2015:car,ERROR
2015:chl,ERROR
2015:gar,ERROR
2015:cra,ERROR
2015:tb,ERROR
2015:stg,ERROR
2015:dal,ERROR
2015:stp,ERROR
2015:chb,ERROR
2015:bcl,ERROR
2015:kc,ERROR
2015:rac,ERROR
2015:atn,ERROR
2015:atl,ERROR
2015:pul,ERROR
2015:wsh,ERROR
2015:bda,ERROR
2015:naa,ERROR
2015:ham,ERROR
2015:bba,ERROR
2015:col,ERROR
2015:cin,ERROR
2015:ric,ERROR
2015:bkn,ERROR
2015:nyy,ERROR
2015:mck,ERROR
2015:no,ERROR
2015:red,ERROR
2015:cnc,ERROR
2015:gb,ERROR
2015:min,ERROR
2015:sla,ERROR
2015:tlm,ERROR
2015:lou,ERROR
2015:lar,ERROR
2015:whe,ERROR
2015:dtx,ERROR
2015:nya,ERROR
2015:buf,ERROR
2015:wja,ERROR
2015:ng1,ERROR
2015:rch,ERROR
2015:mnm,ERROR
2015:phi,ERROR
2015:bff,ERROR
2015:bal,ERROR
2015:rii,ERROR
2015:sea,ERROR
2015:brl,ERROR
2015:oak,ERROR
2015:cib,ERROR
2015:mia,ERROR
2015:kew,ERROR
2015:ten,ERROR
2015:lab,ERROR
2015:tor,ERROR
2015:ptb,ERROR
2015:syr,ERROR
2015:ftp,ERROR
2015:ne,ERROR
2015:chi,ERROR
2015:rck,ERROR
2015:lan,ERROR
2015:prv,ERROR
2015:byk,ERROR
2015:zan,ERROR
2015:cht,ERROR
2015:cle,ERROR
2015:crp,ERROR
2015:ind,ERROR
2015:wgc,ERROR
2015:kcb,ERROR
2015:dhr,ERROR
2015:cbd,ERROR
2015:ari,ERROR
2015:day,ERROR
2015:abu,ERROR
2015:dwl,ERROR
2015:gun,ERROR
2015:tol,ERROR
2015:ftw,ERROR
2015:dti,ERROR
2015:cwp,ERROR
2015:sf,ERROR
2015:mun,ERROR
2015:msa,ERROR
2015:tho,ERROR
2015:akr,ERROR
2015:pit,ERROR
2015:uap,ERROR
2015:ton,ERROR
2015:clp,ERROR
2015:lda,ERROR
2015:ros,ERROR
2015:dpn,ERROR
2015:log,ERROR
2015:jax,ERROR
2015:nyj,ERROR
2015:ccl,ERROR
2015:dul,ERROR
2015:ptq,ERROR
2015:fyj,ERROR
2014:ecg,ERROR
2014:hou,ERROR
2014:nyg,ERROR
2014:det,ERROR
2014:oor,ERROR
2014:ely,ERROR
2014:sen,ERROR
2014:cti,ERROR
2014:wbu,ERROR
2014:mnn,ERROR
2014:hrt,ERROR
2014:uti,ERROR
2014:lac,ERROR
2014:den,ERROR
2014:ken,ERROR
2014:sis,ERROR
2014:dtm,ERROR
2014:cli,ERROR
2014:cst,ERROR
2014:mil,ERROR
2014:mut,ERROR
2014:car,ERROR
2014:chl,ERROR
2014:gar,ERROR
2014:cra,ERROR
2014:tb,ERROR
2014:stg,ERROR
2014:dal,ERROR
2014:stp,ERROR
2014:chb,ERROR
2014:bcl,ERROR
2014:kc,ERROR
2014:rac,ERROR
2014:atn,ERROR
2014:atl,ERROR
2014:pul,ERROR
2014:wsh,ERROR
2014:bda,ERROR
2014:naa,ERROR
2014:ham,ERROR
2014:bba,ERROR
2014:col,ERROR
2014:cin,ERROR
2014:ric,ERROR
2014:bkn,ERROR
2014:nyy,ERROR
2014:mck,ERROR
2014:no,ERROR
2014:red,ERROR
2014:cnc,ERROR
2014:gb,ERROR
2014:min,ERROR
2014:sla,ERROR
2014:tlm,ERROR
2014:lou,ERROR
2014:lar,ERROR
2014:whe,ERROR
2014:dtx,ERROR
2014:nya,ERROR
2014:buf,ERROR
2014:wja,ERROR
2014:ng1,ERROR
2014:rch,ERROR
2014:mnm,ERROR
2014:phi,ERROR
2014:bff,ERROR
2014:bal,ERROR
2014:rii,ERROR
2014:sea,ERROR
2014:brl,ERROR
2014:oak,ERROR
2014:cib,ERROR
2014:mia,ERROR
2014:kew,ERROR
2014:ten,ERROR
2014:lab,ERROR
2014:tor,ERROR
2014:ptb,ERROR
2014:syr,ERROR
2014:ftp,ERROR
2014:ne,ERROR
2014:chi,ERROR
2014:rck,ERROR
2014:lan,ERROR
2014:prv,ERROR
2014:byk,ERROR
2014:zan,ERROR
2014:cht,ERROR
2014:cle,ERROR
2014:crp,ERROR
2014:ind,ERROR
2014:wgc,ERROR
2014:kcb,ERROR
2014:dhr,ERROR
2014:cbd,ERROR
2014:ari,ERROR
2014:day,ERROR
2014:abu,ERROR
2014:dwl,ERROR
2014:gun,ERROR
2014:tol,ERROR
2014:ftw,ERROR
2014:dti,ERROR
2014:cwp,ERROR
2014:sf,ERROR
2014:mun,ERROR
2014:msa,ERROR
2014:tho,ERROR
2014:akr,ERROR
2014:pit,ERROR
2014:uap,ERROR
2014:ton,ERROR
2014:clp,ERROR
2014:lda,ERROR
2014:ros,ERROR
2014:dpn,ERROR
2014:log,ERROR
2014:jax,ERROR
2014:nyj,ERROR
2014:ccl,ERROR
2014:dul,ERROR
2014:ptq,ERROR
2014:fyj,ERROR
2013:ecg,ERROR
2013:hou,ERROR
2013:nyg,ERROR
2013:det,ERROR
2013:oor,ERROR
2013:ely,ERROR
2013:sen,ERROR
2013:cti,ERROR
2013:wbu,ERROR
2013:mnn,ERROR
2013:hrt,ERROR
2013:uti,ERROR
2013:lac,ERROR
2013:den,ERROR
2013:ken,ERROR
2013:sis,ERROR
2013:dtm,ERROR
2013:cli,ERROR
2013:cst,ERROR
2013:mil,ERROR
2013:mut,ERROR
2013:car,ERROR
2013:chl,ERROR
2013:gar,ERROR
2013:cra,ERROR
2013:tb,ERROR
2013:stg,ERROR
2013:dal,ERROR
2013:stp,ERROR
2013:chb,ERROR
2013:bcl,ERROR
2013:kc,ERROR
2013:rac,ERROR
2013:atn,ERROR
2013:atl,ERROR
2013:pul,ERROR
2013:wsh,ERROR
2013:bda,ERROR
2013:naa,ERROR
2013:ham,ERROR
2013:bba,ERROR
2013:col,ERROR
2013:cin,ERROR
2013:ric,ERROR
2013:bkn,ERROR
2013:nyy,ERROR
2013:mck,ERROR
2013:no,ERROR
2013:red,ERROR
2013:cnc,ERROR
2013:gb,ERROR
2013:min,ERROR
2013:sla,ERROR
2013:tlm,ERROR
2013:lou,ERROR
2013:lar,ERROR
2013:whe,ERROR
2013:dtx,ERROR
2013:nya,ERROR
2013:buf,ERROR
2013:wja,ERROR
2013:ng1,ERROR
2013:rch,ERROR
2013:mnm,ERROR
2013:phi,ERROR
2013:bff,ERROR
2013:bal,ERROR
2013:rii,ERROR
2013:sea,ERROR
2013:brl,ERROR
2013:oak,ERROR
2013:cib,ERROR
2013:mia,ERROR
2013:kew,ERROR
2013:ten,ERROR
2013:lab,ERROR
2013:tor,ERROR
2013:ptb,ERROR
2013:syr,ERROR
2013:ftp,ERROR
2013:ne,ERROR
2013:chi,ERROR
2013:rck,ERROR
2013:lan,ERROR
2013:prv,ERROR
2013:byk,ERROR
2013:zan,ERROR
2013:cht,ERROR
2013:cle,ERROR
2013:crp,ERROR
2013:ind,ERROR
2013:wgc,ERROR
2013:kcb,ERROR
2013:dhr,ERROR
2013:cbd,ERROR
2013:ari,ERROR
2013:day,ERROR
2013:abu,ERROR
2013:dwl,ERROR
2013:gun,ERROR
2013:tol,ERROR
2013:ftw,ERROR
2013:dti,ERROR
2013:cwp,ERROR
2013:sf,ERROR
2013:mun,ERROR
2013:msa,ERROR
2013:tho,ERROR
2013:akr,ERROR
2013:pit,ERROR
2013:uap,ERROR
2013:ton,ERROR
2013:clp,ERROR
2013:lda,ERROR
2013:ros,ERROR
2013:dpn,ERROR
2013:log,ERROR
2013:jax,ERROR
2013:nyj,ERROR
2013:ccl,ERROR
2013:dul,ERROR
2013:ptq,ERROR
2013:fyj,ERROR
2012:ecg,ERROR
2012:hou,ERROR
2012:nyg,ERROR
2012:det,ERROR
2012:oor,ERROR
2012:ely,ERROR
2012:sen,ERROR
2012:cti,ERROR
2012:wbu,ERROR
2012:mnn,ERROR
2012:hrt,ERROR
2012:uti,ERROR
2012:lac,ERROR
2012:den,ERROR
2012:ken,ERROR
2012:sis,ERROR
2012:dtm,ERROR
2012:cli,ERROR
2012:cst,ERROR
2012:mil,ERROR
2012:mut,ERROR
2012:car,ERROR
2012:chl,ERROR
2012:gar,ERROR
2012:cra,ERROR
2012:tb,ERROR
2012:stg,ERROR
2012:dal,ERROR
2012:stp,ERROR
2012:chb,ERROR
2012:bcl,ERROR
2012:kc,ERROR
2012:rac,ERROR
2012:atn,ERROR
2012:atl,ERROR
2012:pul,ERROR
2012:wsh,ERROR
2012:bda,ERROR
2012:naa,ERROR
2012:ham,ERROR
2012:bba,ERROR
2012:col,ERROR
2012:cin,ERROR
2012:ric,ERROR
2012:bkn,ERROR
2012:nyy,ERROR
2012:mck,ERROR
2012:no,ERROR
2012:red,ERROR
2012:cnc,ERROR
2012:gb,ERROR
2012:min,ERROR
2012:sla,ERROR
2012:tlm,ERROR
2012:lou,ERROR
2012:lar,ERROR
2012:whe,ERROR
2012:dtx,ERROR
2012:nya,ERROR
2012:buf,ERROR
2012:wja,ERROR
2012:ng1,ERROR
2012:rch,ERROR
2012:mnm,ERROR
2012:phi,ERROR
2012:bff,ERROR
2012:bal,ERROR
2012:rii,ERROR
2012:sea,ERROR
2012:brl,ERROR
2012:oak,ERROR
2012:cib,ERROR
2012:mia,ERROR
2012:kew,ERROR
2012:ten,ERROR
2012:lab,ERROR
2012:tor,ERROR
2012:ptb,ERROR
2012:syr,ERROR
2012:ftp,ERROR
2012:ne,ERROR
2012:chi,ERROR
2012:rck,ERROR
2012:lan,ERROR
2012:prv,ERROR
2012:byk,ERROR
2012:zan,ERROR
2012:cht,ERROR
2012:cle,ERROR
2012:crp,ERROR
2012:ind,ERROR
2012:wgc,ERROR
2012:kcb,ERROR
2012:dhr,ERROR
2012:cbd,ERROR
2012:ari,ERROR
2012:day,ERROR
2012:abu,ERROR
2012:dwl,ERROR
2012:gun,ERROR
2012:tol,ERROR
2012:ftw,ERROR
2012:dti,ERROR
2012:cwp,ERROR
2012:sf,ERROR
2012:mun,ERROR
2012:msa,ERROR
2012:tho,ERROR
2012:akr,ERROR
2012:pit,ERROR
2012:uap,ERROR
2012:ton,ERROR
2012:clp,ERROR
2012:lda,ERROR
2012:ros,ERROR
2012:dpn,ERROR
2012:log,ERROR
2012:jax,ERROR
2012:nyj,ERROR
2012:ccl,ERROR
2012:dul,ERROR
2012:ptq,ERROR
2012:fyj,ERROR
2011:ecg,ERROR
2011:hou,ERROR
2011:nyg,ERROR
2011:det,ERROR
2011:oor,ERROR
2011:ely,ERROR
2011:sen,ERROR
2011:cti,ERROR
2011:wbu,ERROR
2011:mnn,ERROR
2011:hrt,ERROR
2011:uti,ERROR
2011:lac,ERROR
2011:den,ERROR
2011:ken,ERROR
2011:sis,ERROR
2011:dtm,ERROR
2011:cli,ERROR
2011:cst,ERROR
2011:mil,ERROR
2011:mut,ERROR
2011:car,ERROR
2011:chl,ERROR
2011:gar,ERROR
2011:cra,ERROR
2011:tb,ERROR
2011:stg,ERROR
2011:dal,ERROR
2011:stp,ERROR
2011:chb,ERROR
2011:bcl,ERROR
2011:kc,ERROR
2011:rac,ERROR
2011:atn,ERROR
2011:atl,ERROR
2011:pul,ERROR
2011:wsh,ERROR
2011:bda,ERROR
2011:naa,ERROR
2011:ham,ERROR
2011:bba,ERROR
2011:col,ERROR
2011:cin,ERROR
2011:ric,ERROR
2011:bkn,ERROR
2011:nyy,ERROR
2011:mck,ERROR
2011:no,ERROR
2011:red,ERROR
2011:cnc,ERROR
2011:gb,ERROR
2011:min,ERROR
2011:sla,ERROR
2011:tlm,ERROR
2011:lou,ERROR
2011:lar,ERROR
2011:whe,ERROR
2011:dtx,ERROR
2011:nya,ERROR
2011:buf,ERROR
2011:wja,ERROR
2011:ng1,ERROR
2011:rch,ERROR
2011:mnm,ERROR
2011:phi,ERROR
2011:bff,ERROR
2011:bal,ERROR
2011:rii,ERROR
2011:sea,ERROR
2011:brl,ERROR
2011:oak,ERROR
2011:cib,ERROR
2011:mia,ERROR
2011:kew,ERROR
2011:ten,ERROR
2011:lab,ERROR
2011:tor,ERROR
2011:ptb,ERROR
2011:syr,ERROR
2011:ftp,ERROR
2011:ne,ERROR
2011:chi,ERROR
2011:rck,ERROR
2011:lan,ERROR
2011:prv,ERROR
2011:byk,ERROR
2011:zan,ERROR
2011:cht,ERROR
2011:cle,ERROR
2011:crp,ERROR
2011:ind,ERROR
2011:wgc,ERROR
2011:kcb,ERROR
2011:dhr,ERROR
2011:cbd,ERROR
2011:ari,ERROR
2011:day,ERROR
2011:abu,ERROR
2011:dwl,ERROR
2011:gun,ERROR
2011:tol,ERROR
2011:ftw,ERROR
2011:dti,ERROR
2011:cwp,ERROR
2011:sf,ERROR
2011:mun,ERROR
2011:msa,ERROR
2011:tho,ERROR
2011:akr,ERROR
2011:pit,ERROR
2011:uap,ERROR
2011:ton,ERROR
2011:clp,ERROR
2011:lda,ERROR
2011:ros,ERROR
2011:dpn,ERROR
2011:log,ERROR
2011:jax,ERROR
2011:nyj,ERROR
2011:ccl,ERROR
2011:dul,ERROR
2011:ptq,ERROR
2011:fyj,ERROR
2010:ecg,ERROR
2010:hou,ERROR
2010:nyg,ERROR
2010:det,ERROR
2010:oor,ERROR
2010:ely,ERROR
2010:sen,ERROR
2010:cti,ERROR
2010:wbu,ERROR
2010:mnn,ERROR
2010:hrt,ERROR
2010:uti,ERROR
2010:lac,ERROR
2010:den,ERROR
2010:ken,ERROR
2010:sis,ERROR
2010:dtm,ERROR
2010:cli,ERROR
2010:cst,ERROR
2010:mil,ERROR
2010:mut,ERROR
2010:car,ERROR
2010:chl,ERROR
2010:gar,ERROR
2010:cra,ERROR
2010:tb,ERROR
2010:stg,ERROR
2010:dal,ERROR
2010:stp,ERROR
2010:chb,ERROR
2010:bcl,ERROR
2010:kc,ERROR
2010:rac,ERROR
2010:atn,ERROR
2010:atl,ERROR
2010:pul,ERROR
2010:wsh,ERROR
2010:bda,ERROR
2010:naa,ERROR
2010:ham,ERROR
2010:bba,ERROR
2010:col,ERROR
2010:cin,ERROR
2010:ric,ERROR
2010:bkn,ERROR
2010:nyy,ERROR
2010:mck,ERROR
2010:no,ERROR
2010:red,ERROR
2010:cnc,ERROR
2010:gb,ERROR
2010:min,ERROR
2010:sla,ERROR
2010:tlm,ERROR
2010:lou,ERROR
2010:lar,ERROR
2010:whe,ERROR
2010:dtx,ERROR
2010:nya,ERROR
2010:buf,ERROR
2010:wja,ERROR
2010:ng1,ERROR
2010:rch,ERROR
2010:mnm,ERROR
2010:phi,ERROR
2010:bff,ERROR
2010:bal,ERROR
2010:rii,ERROR
2010:sea,ERROR
2010:brl,ERROR
2010:oak,ERROR
2010:cib,ERROR
2010:mia,ERROR
2010:kew,ERROR
2010:ten,ERROR
2010:lab,ERROR
2010:tor,ERROR
2010:ptb,ERROR
2010:syr,ERROR
2010:ftp,ERROR
2010:ne,ERROR
2010:chi,ERROR
2010:rck,ERROR
2010:lan,ERROR
2010:prv,ERROR
2010:byk,ERROR
2010:zan,ERROR
2010:cht,ERROR
2010:cle,ERROR
2010:crp,ERROR
2010:ind,ERROR
2010:wgc,ERROR
2010:kcb,ERROR
2010:dhr,ERROR
2010:cbd,ERROR
2010:ari,ERROR
2010:day,ERROR
2010:abu,ERROR
2010:dwl,ERROR
2010:gun,ERROR
2010:tol,ERROR
2010:ftw,ERROR
2010:dti,ERROR
2010:cwp,ERROR
2010:sf,ERROR
2010:mun,ERROR
2010:msa,ERROR
2010:tho,ERROR
2010:akr,ERROR
2010:pit,ERROR
2010:uap,ERROR
2010:ton,ERROR
2010:clp,ERROR
2010:lda,ERROR
2010:ros,ERROR
2010:dpn,ERROR
2010:log,ERROR
2010:jax,ERROR
2010:nyj,ERROR
2010:ccl,ERROR
