1920:chl,ERROR
1920:ptq,ERROR
1920:chi,Roy Adkins,Hugh Blacklock,Guy Chamberlin,Jimmy Conzelman,Chuck Dressen,Paddy Driscoll,Andy Feichtinger,Sid Gepford,George Halas,Lenny High,Burt Ingwersen,Jerry Jones,Bob Koehler,Jake Lanum,Kyle MacWherter,Walt May,John Mintun,Pard Pearce,Ross Petty,Henry Shank,Hub Shoemake,Dutch Sternaman,George Trafton,Walt Veach,Randy Young
1920:cst,ERROR
1920:ely,ERROR
1920:abu,ERROR
1920:log,ERROR
1920:stp,ERROR
1920:dhr,Lynn Allen,Clarence Appelgran,Chris Bentz,Charlie Carman,Tom Dickinson,Pat Dunne,Russ Finsterwald,Joe Fitzgerald,Moose Gardner, Gates,Charlie Guy,Bo Hanley,Steamer Horning,Stan Jacobs,Marshall Jones,Bill Joyce,Jimmy Kelly, King,Ty Krentler,Alvin Loucks,Hugh Lowery,Birtie Maher, McCoy,Blake Miller,Eddie Moegle,Gil Runkel,Heine Schultz,Don Straw,Ernest Watson,Ray Whipple,Perce Wilson, Wood
1920:akr,Russ Bailey,Scotty Bierce,Matt Brown,Alf Cobb,Tuffy Conn,Charlie Copley,Ken Crawford,Budge Garrett,Harry Harris,Tom Holleran,Pike Johnson,Rip King,Frank McCormick,Buck Miles,Frank Moran,Bob Nash,Al Nesser,Al Pierotti,Fritz Pollard,Bill Preston,Fred Sweetland,Elgie Tobin,Tommy Tomlin
1920:ftw,ERROR
1920:bff,Ockie Anderson,Jack Beckett,Bill Brace,Shirley Brick,Eddie Casey,Andrew Fletcher,Buck Gavin,Tommy Hughitt,Jim Laird,Barney Lepper,Lou Little,Heinie Miller,Charlie Mills,Earl Potteiger,John Rupp,Johnny Scott,Murray Shelton,Pat Smith,Butch Spagna,Karl Thielscher,Tiny Thornhill,Doc Voss,Bodie Weldon,Red Werder,Lud Wray,Swede Youngstrom
1920:tlm,ERROR
1920:zan,ERROR
1920:cbd,Cub Buck,Pete Calac,Bunny Corcoran,Harrie Dadmun,Cap Edwards,Al Feeney,Birdie Gardner,Johnny Gilroy,Tom Gormley,Larry Green,Tex Grigg,Joe Guyon,Doc Haggerty,Art Haley,Johnny Hendren,Pete Henry,Bob Higgins,John Kellison,Bulger Lowe,Buck MacDonald,Al Maginnes,Ike Martin,Ralph Meadow,Joe Murphy,Dan O'Connor,Larry Petty,Lou Smyth,Dutch Speck,Jim Thorpe,Tom Whelan
1920:mun,Cliff Baldwin,Bobby Berns,Coonie Checkaye,Doc Davis,Arch Erehart,Owen Floyd,Russ Hathaway,Chuck Helvie,Ernie Hole,Mickey Hole,Ken Huffine,Spencer Pope,Jess Reno,Wilfred Smith
1920:cwp,ERROR
1920:rck,ERROR
1920:ari,ERROR
1920:tho,ERROR
1920:wbu,ERROR
1920:wgc,ERROR
1920:gar,ERROR
1920:ros,ERROR
1920:rii,Walt Buland,Fred Chicken,Fred Denfeld,Mark Devlin,Freeman Fitzgerald,Frank Garden,Harry Gunderson,Ed Healey,Tom Henry,Frank Jordan,Polly Koch,Waddy Kuehl,Dewey Lyle,George Magerkurth,Jerry Mansfield,Bobby Marshall,Charlie Mockmore,Sid Nichols,Eddie Novak,Paddy Quinn,Speed Riddell,Loyal Robb,Ed Shaw,Oak Smith, Sullivan,John Synhorst,Rube Ursella,Harry Webber,Obe Wenig,Pudge Wyland,Arnie Wyman
1920:ftp,ERROR
1920:mnm,ERROR
1920:cti,Bert Baston,Harry Baujan,George Brickley,Jim Bryant,Stan Cofall,Tuffy Conn,Carl Cramer,Mark Devlin,Dinger Doane,Moon Ducote,Johnny Gilroy,Tom Gormley,Doc Haggerty,Sandy Hastings,Pat Herron,George Kerr,Phil Marshall,Joe Mattern,Ed O'Hearn,Jack O'Hearn,Red Pearlman,Leo Petree,Al Pierotti,Frank Rydzewski,Herb Sies,Butch Spagna,Jake Stahl,Tiny Thornhill,Ray Trowbridge,Al Wesbecher
1920:cnc,ERROR
1920:lan,ERROR
1920:kew,ERROR
1920:uap,ERROR
1920:atn,ERROR
1920:syr,ERROR
1920:wja,ERROR
1920:mut,ERROR
1920:col,John Beckwith,Hi Brigham,John Davis,Charlie Essman,Jim Flower,Hal Gaulke,Babe Houck,Oscar Kuhner,Frank Lone Star,Wilkie Moody,Joe Mulbarger,Frank Nesser,Phil Nesser,Ted Nesser,Dwight Peabody,Homer Ruh,John Schneider,Lee Snoots,Will Waite,Oscar Wolford,Howard Yerges
1920:rch,Bob Argus,Joe Bachmaier,John Barsha,Denny Cahill,Bart Carroll,Babe Clark,Hal Clark,Fred Clarke,Ben Clime,Bill Connell,Joe DuMoe,Ben Forsyth,Walt Frickey,Pete Heinlein,Dutch Irwin,Jim Kane,John Kvist,Jim Laird,Darby Lowery,Dutch Mellody,Pop Morrison,Elmer Oliphant, Pepper,Mike Purdy,Red Quigley,Hank Smith,Charlie Stewart,George Tandy,Carl Thomas,Vern Thomas,Lou Usher,Art Webb,Frank Whitcomb,Ray Witter,Jimmy Woods
1920:day,Dick Abrell,Frank Bacon,Max Broadhurst,Bill Clark,Harry Cutler,Doc Davis,Larry Dellinger,Guy Early,Harold Fenner,Russ Hathaway,Earl Hauser,Chuck Helvie,Hobby Kinderdine,Pesky Lentz,Al Mahrt,Lou Partlow,Dave Reese,George Roudebush,Norb Sacksteder,Ed Sauer,Fritz Slackford,Earl Stoecklein,Dutch Thiele,Glenn Tidd,Tiny Turner,Charlie Winston
1920:clp,ERROR
1920:chb,ERROR
1920:cht,Dunc Annan,Johnny Barrett,Sid Bennett,John Bosdett,Garland Buckeye,Ralph Capron,Ben Derr,Paul Des Jardien,Alfred Eissler,Dick Falcon,Guil Falcon,Milt Ghee,Emmett Keefe,Oscar Knop,Grover Malone,Neil Mathews,Jack Meagher,Jock Mungavin,Dick Pierce,Lew Reeve,Frank Rydzewski,Walter Voight,Pete Volz
1920:uti,ERROR
1920:ham,Mose Bashaw, Brunswick,Tony Catalano,Edward Davis,Guil Falcon,Hank Gillo,Wilbur Henderson,Wally Hess,Max Hicks,Carroll Johnson,Marshall Jones,Dutch Kohl,Louie Kolls,Swede Larson, Mathewson,Klinks Meyers,Frank Moran,Russ Oltz,Joe Pliska,Mace Roberts,Frank Rydzewski,Walt Sechrist,Frank Seliger,Lew Skinner,Robert Specht,Jim Talbott, Ward, Warren
1920:pul,ERROR
1920:dtm,ERROR
1920:mck,ERROR
1920:ric,ERROR
1920:whe,ERROR
1921:chl,ERROR
1921:ptq,ERROR
1921:chi,Dick Barker,Hugh Blacklock,George Bolan,Guy Chamberlin,Harry Englund,George Halas,Chic Harley,Ken Huffine,Jake Lanum,John Mintun,Pard Pearce,Ralph Scott,Russ Smith,Dutch Sternaman,Pete Stinchcomb,Tarzan Taylor,George Trafton,Lou Usher
1921:cst,ERROR
1921:ely,ERROR
1921:abu,ERROR
1921:log,ERROR
1921:stp,ERROR
1921:gb,ERROR
1921:dhr,ERROR
1921:akr,Russ Bailey,Marty Beck,Scotty Bierce,Alf Cobb,Charlie Copley,Bunny Corcoran,Carl Cramer,Jim Flower,Bruno Haas,Pike Johnson,Marshall Jones,Rip King,Frank McCormick,Al Nesser,Fritz Pollard,Roy Ratekin,Jack Read,Paul Robeson,Paul Sheeks,Elgie Tobin,Leo Tobin,Tommy Tomlin
1921:ftw,ERROR
1921:bff,Ockie Anderson,Carl Beck,Bill Brace,Moose Gardner,Charlie Guy,Andy Hillhouse,Steamer Horning,Tommy Hughitt,Waddy Kuehl,Jim Laird,Lou Little,Heinie Miller,Bob Nash,Jack O'Hearn,Elmer Oliphant,Johnny Scott,Pat Smith,Butch Spagna,Herb Stein,Jack Sullivan,Luke Urban,Eddie Usher,Tillie Voss,Bill Ward,Lud Wray,Swede Youngstrom
1921:tlm,ERROR
1921:zan,ERROR
1921:ccl,Ferris Beekley,Ken Crawford,Dane Dastillung,Fred Day,Mel Doherty,Guy Early,Earl Hauser,Shiner Knab,Art Lewis,Carl Lynch,Frank McCormick,Tommy McMahon,Tom Melvin,George Munns, Ohmer,Henry Orth,Walt Schupp,Dave Thompson,Pete Volz
1921:cbd,Bird Carroll,Larry Conover,Cap Edwards,Guil Falcon,Al Feeney,Red Griffiths,Tex Grigg,Pete Henry,Bob Higgins,John Kellison,Herb Kempton,Glenn Killinger,Jim Laird,Jim Morrow,Duke Osborn,Harry Robb,Ed Sauer,Fritz Slackford,Marv Smith,Lou Smyth,Dutch Speck,Red Steele,Charlie Way,Belf West,Inky Williams,Swede Youngstrom
1921:mun,Cliff Baldwin,Coonie Checkaye,Owen Floyd,Ken Fulton,Chuck Helvie,Ernie Hole,Mickey Hole, Kellogg,Doc LaDuron,Ray MacMurray,Mac McIndoe,Gus Redman,Pete Slone,Wilfred Smith,Mike Yount
1921:cwp,ERROR
1921:rck,ERROR
1921:ari,ERROR
1921:mnn,Oscar Christianson,Ainer Cleve,Ben Dvorak,Harold Erickson,Dutch Gaustad,Harry Gunderson,Bill Irgens,Charlie Jonasen,George Kramer,John Norbeck,Mike Palmer,Sheepy Redeen,Pete Regnier,Eber Sampson,Rudy Tersch,Rube Ursella
1921:tho,ERROR
1921:ng1,Joe Bernstein,Ed Brawley,George Brickley,Harrie Dadmun,Mark Devlin,Dinger Doane,Jim Dufft,Joe DuSossoit,Tom Gormley,Doc Haggerty,Jimmy Jemail,George Kane,George Kerr,Frank Leavitt,Buck MacDonald,Al Maginnes,Dave Maginnes,Paul Meyers,Johnny Nagle,Jerry Noonan,Con O'Brien,Ed O'Hearn,Al Pierotti,Mike Purdy,Fred Sweetland,Ray Trowbridge
1921:ton, Backnor,Fred Brumm, Cassidy,Art Goerke,Clarence Hosmer,Rudy Kraft,George Kuhrt,Buck MacDonald,Tom McLaughlin,Bill Meisner,Frank Primeau,Tam Rose,Bill Sanborn,Charlie Tallman,Red Werder
1921:wbu,ERROR
1921:wgc,ERROR
1921:gar,ERROR
1921:ros,ERROR
1921:rii,Dick Barker,Lane Bridgford,Walt Brindley,Walt Buland,Jimmy Conzelman,Frank Coughlin,Eddie Duggan,Jug Earp,Freeman Fitzgerald,Buck Gavin,Hal Hanson,John Hasbrouck,Dave Hayes,Ed Healey,Jerry Johnson,Emmett Keefe,Dewey Lyle,Grover Malone,Jerry Mansfield,Vic Menefee,Sid Nichols,Eddie Novak,Paddy Quinn,Oak Smith,Brick Travis,Viv Vanderloo,Obe Wenig
1921:ftp,ERROR
1921:mnm,ERROR
1921:cti,Harry Baujan,Phil Bower,Ed Brawley,Pete Calac,Bunny Corcoran,Milt Ghee,Joe Guyon,Bruno Haas,Johnny Hendren,Bulger Lowe, Moore,Joe Murphy,Dan O'Connor, Patterson,Red Pearlman,Jake Stahl,George Tandy,Jim Thorpe,Ralph Waldsmith,Tom Whelan
1921:cnc,ERROR
1921:lan,ERROR
1921:lou,Chase Boldt,Austin Brunklacher,Harper Card,Red Chenoweth,Joe Engelhard,Tom Ferguson,Herb Gruber,Fatty Harris,Austin Higgins,Karl Hower,Bill Howser,Jim Irwin,Henry Lewis,Joe Martin,Ted Moser,Bill Netherton,Harry Newland,Howie Stith,Jimmy Van Dyke,Gene Wiggs,Hubert Wiggs
1921:kew,ERROR
1921:uap,ERROR
1921:atn,ERROR
1921:dti,Butch Brandau,Charlie Carman,Walt Clago,Frank Coughlin,Neno DaPrato,Cy DeGree,Pat Dunne,Moose Gardner,Buck Gavin,Charlie Guy,Steamer Horning,Earl Krieger,Waddy Kuehl,Blake Miller,Eddie Moegle,Norb Sacksteder,Bill Stobbs,Don Straw,Tillie Voss,Vic Whitmarsh,Pryor Williams
1921:syr,ERROR
1921:wja,ERROR
1921:mut,ERROR
1921:ecg,Bourbon Bondurant,Frank Fausch,Alec Fishman,Louie Fritsch,Bill Garnjost,Earl Goldsmith,Doc Gorman,Herb Henderson,Mark Ingle,Red Jackson,Vince Lensing,Menz Lindsey,John McDonald,Chief Mullen,Chuck O'Neil,Tubby Rohsenberger,Dick Spain,Adolph Spiegel,Earl Warweg,Travis Williams,Joe Windbiel,Leon Winternheimer,Jerry Zeller
1921:col,Harry Bliss,Hal Gaulke,Morris Glassman,Ted Hopkins,Babe Houck,Oscar Kuhner,Joe Mulbarger,Ted Murtha,Charlie Nesser,Frank Nesser,Fred Nesser,John Nesser,Phil Nesser,Ted Nesser,Walt Rogers,Emmett Ruh,Homer Ruh,Al Shook,Will Waite,Oscar Wolford
1921:rch,Doc Alexander,Bob Argus,Joe Bachmaier,Jim Barron,Howard Berry,Benny Boynton,Ben Clime,Jim Dufft,Joe DuMoe,Earl Ettenhaus,John Hasbrouck,Jim Laird,Darby Lowery,Frank Morrissey,Jerry Noonan,Billy Rafter,Spin Roy,Hank Smith,Cliff Steele,Carl Thomas,Lou Usher,Frank Whitcomb,Ray Witter,Jimmy Woods
1921:day,Fay Abbott,Frank Bacon,Larry Dellinger,Harold Fenner,Art Haley,Russ Hathaway,Hobby Kinderdine,Al Mahrt,John Miller,Wilkie Moody,Lou Partlow,Gus Redman,Dave Reese,George Roudebush,Nelson Rupp,Archie Sampson,Ed Sauer,Herb Sies,Frank Sillin,Jake Stahl,Dutch Thiele,Glenn Tidd,Chalmers Tschappat
1921:clp,ERROR
1921:chb,ERROR
1921:cht,ERROR
1921:uti,ERROR
1921:ham,Ken Crawford,Jack Depler,Ben Derr,Guil Falcon,Hank Gillo,Carl Hanke,George Hartong,Wally Hess,Max Hicks,Red Jackson,Ralph Jones,Dick King,Oscar Knop,Charlie Mathys,Russ Oltz,Joe Pliska, Rice,Elliott Risley,Mace Roberts,Frank Seliger,Dave Tallant,Tommy Tomlin,Lou Usher,Walter Voight,Inky Williams
1921:pul,ERROR
1921:dtm,ERROR
1921:mck,ERROR
1921:ric,ERROR
1921:whe,ERROR
1921:sen,Dan Ahern,Alec Anderson,George Beyers,Johnny Bleier,Benny Boynton,Pete Calac,Joe Coster,Billy Crouch,Perry Dowrick,Patsy Gerardi,Johnny Gilroy,Tom Gormley,Joe Guyon,Johnnie Hudson,Sam Kaplan,Dutch Leighty,Red Litkus,Mickey Livers,Don McCarthy,Cy McDonald,Gordon Patterson,Metz Smeach,Jack Sullivan,Buff Turner,Sam Turner,Pong Unitas,Ed Van Meter,Gene Vidal,Bullets Walson
1922:chl,ERROR
1922:ptq,ERROR
1922:chi,Hunk Anderson,Hugh Blacklock,George Bolan,Bourbon Bondurant,Harry Englund,Hec Garvey,George Halas,Carl Hanke,Ed Healey,Joe LaFleur,Jake Lanum,Ojay Larson,Pard Pearce,Ralph Scott,Russ Smith,Dutch Sternaman,Joey Sternaman,Pete Stinchcomb,Laurie Walquist
1922:cst,ERROR
1922:ely,ERROR
1922:abu,ERROR
1922:log,ERROR
1922:stp,ERROR
1922:gb,ERROR
1922:dhr,ERROR
1922:akr,Marty Beck,Scotty Bierce,Untz Brewer,Charlie Copley,Bunny Corcoran,Carl Cramer,Red Daum,Jim Flower,Al Jolley,Rip King,Walt Kreinheder,Walt LeJeune,Leo McCausland,Joe Mills,Ray Neal,Al Nesser,Ed Sauer,Paul Sheeks,Bob Spiers,Cliff Steele,Tillie Voss
1922:ftw,ERROR
1922:bff,Ockie Anderson,Bill Brace,Herb Dieter,Buck Gavin,Gus Goetz,Charlie Guy,Tommy Hughitt,Bill Kibler,Glenn Knack,Waddy Kuehl,Jim Laird,Frank Morrissey,Jim Morrow,Bob Nash,Bob Rawlings,Johnny Scott,Frank Spellacy,Carl Thomas,Luke Urban,Jim Wilson,Swede Youngstrom
1922:tlm,ERROR
1922:zan,ERROR
1922:ccl,ERROR
1922:oor,Reggie Attache,E. Bobadash,Leon Boutwell,Fred Broker,Elmer Busch,Pete Calac,Dick Deer Slayer,Xavier Downwind,Joe Guyon,Bob Hill,Buck Jones,Nick Lassa,Joe Little Twig,Ted Lone Wolf,Ed Nason,Stillwell Saunooke,Ted St. Germaine,Jim Thorpe,Baptiste Thunder,C.B. Winneshiek
1922:cbd,Don Batchelor,Arda Bowser,Bird Carroll,Guy Chamberlin,Doc Elliott,Tex Grigg,Russ Hathaway,Pete Henry,Jim Kendrick,Link Lyman,Johnny McQuade,Candy Miller,Bill Murrah,Duke Osborn,Harry Robb,Wooky Roberts,Norb Sacksteder,Ed Shaw,Lou Smyth,Dutch Speck,Tarzan Taylor,Ralph Waldsmith
1922:mun,ERROR
1922:cwp,ERROR
1922:rck,ERROR
1922:ari,ERROR
1922:mnn,Oscar Christianson,Ainer Cleve,Paul Des Jardien,Harold Erickson,Paul Flinn,Dutch Gaustad,Harry Gunderson,Bill Irgens,Reynold Kraft,George Kramer,John Madigan,Sam Mason,Joe Mattern,Harry Mehre,Louie Mohs,Marty Norton,Eddie Novak,Eber Sampson,Rudy Tersch,Otto Townsend
1922:tho,ERROR
1922:ng1,ERROR
1922:ton,ERROR
1922:wbu,ERROR
1922:wgc,ERROR
1922:gar,ERROR
1922:ros,ERROR
1922:rii,Lane Bridgford,Walt Brindley,Mike Casteel,Walt Clago,Jimmy Conzelman,Jug Earp,Buck Gavin,Ed Healey,Jerry Johnson,Jerry Jones,Emmett Keefe,Louie Kolls,Ollie Kraehe,Dutch Lauer,Dewey Lyle,Eddie Novak,Duke Slater,Eddie Usher,Tillie Voss,Obe Wenig
1922:ftp,ERROR
1922:mnm,ERROR
1922:cti,ERROR
1922:cnc,ERROR
1922:lan,ERROR
1922:lou,Chase Boldt,Austin Brunklacher,Harper Card,Joe Engelhard,Salem Ford,Dick Gibson,Edd Gregg,Herb Gruber,Austin Higgins,Jim Irwin,Whitey Jansing,Charlie Lanham,Max MacCollum,Brian McGrath,Eddie Meeks,Bill Netherton,Charlie Olmstead,Bo Otto,Bob Padan,Wilfred Smith,Jimmy Van Dyke,George Wanless,Hubert Wiggs
1922:kew,ERROR
1922:uap,ERROR
1922:atn,ERROR
1922:dti,ERROR
1922:rac,Buddy Baumann,George Berry,Art Braman,Moxie Dalton,Chuck Dressen,Al Elliott,Bob Foster,Carl George,Hank Gillo,Norm Glockson,Earl Gorman,Norbert Hayes,Fritz Heinisch,Jack Hueller,Jerry Johnson,Irv Langhoff,Frank Linnan,George McGill,Candy Miller,John Mintun,Jab Murray,Don Murry,Dudley Pearson,Elmer Rhenstrom,Fritz Roeseler,Vincent Shekleton,Wally Sieb,Whitey Woodin
1922:syr,ERROR
1922:wja,ERROR
1922:mut,ERROR
1922:ecg,Bourbon Bondurant,Slats Dalrymple,Winnie Denton,Vic Endress,Frank Fausch,Earl Goldsmith,Doc Gorman,Tiny Ladson,Pete Lauer,Chuck O'Neil,Jess Reno,Spencer Rork,Joe Sanders,Lew Skinner,Bill Slyker,Dick Spain,Adolph Spiegel,Steve Sullivan,Pete Wathen,Walker Whitehead,Travis Williams,Leon Winternheimer
1922:mil,John Alexander,Norris Armstrong,Norm Barry,Sid Bennett,Lyle Bigbee,Moose Cochran,Bill Collins,Jimmy Conzelman,Charlie Copley,Dinger Doane,Jim Dufft,Mickey Fallon,Budge Garrett,Al Greene,Emmett Keefe,Dick King,Bo McMillin,Ward Meese,George Mooney,Al Pierotti,Fritz Pollard,Earl Potteiger,Mike Purdy,Paul Robeson,George Seasholtz,Duke Slater,Steve Sullivan,Tommy Tomlin,Art Webb,Ben Winkelman
1922:col,Burl Atcheson,Jack Beckett,Chuck Carney,Gene Carroll,John Conley,Doc Davis,Hal Gaulke,Morris Glassman,Andy Gump,Ted Hopkins,Bob Karch,Earl Krieger,Joe Mulbarger,Frank Nesser,Bob Rapp,Walt Rogers,Emmett Ruh,Homer Ruh,Pete Schultz,Lee Snoots,Mark Stevenson,Don Wiper,Oscar Wolford,Paul Ziegler
1922:rch,Doc Alexander,Eddie Anderson,Bob Argus,Joe Bachmaier,Eddie Benz,Benny Boynton,Hal Clark,John Dooley,Walter French,Ralph Henricus,Dick King,Chris Lehrer,Darby Lowery,Frank Matteo,Paul Meyers,Harry Robertson,Spin Roy,Herm Sawyer,Hank Smith,Cliff Steele,Tiny Thompson,Larry Weltman,Mike Wilson,Ray Witter,Jimmy Woods,Chet Wynne
1922:day,Fay Abbott,Frank Bacon,Bobby Berns,Larry Dellinger,Harold Fenner,Bruno Haas,Russ Hathaway,Ken Huffine,Hobby Kinderdine,Al Mahrt,Tip O'Neill,Lou Partlow,Gus Redman,Dave Reese,Ed Sauer,Herb Sies,Dutch Thiele,Glenn Tidd,Jiggs Ullery
1922:clp,ERROR
1922:chb,ERROR
1922:cht,ERROR
1922:uti,ERROR
1922:ham, Anderson,George Berry,Teddy Besta,Ed Carman,Lloyd Cearing,Bill Giaver,Carl Hanke,Wally Hess,Oscar Knop,Dutch Kohl,Tony LaBissoniere,Paul Leatherman,Elliott Risley,Mace Roberts,Frank Rydzewski,John Shelburne,Bill Singleton,Steve Sullivan,Dave Tallant,Festus Tierney, Willert,Inky Williams
1922:pul,ERROR
1922:dtm,ERROR
1922:tol,Dunc Annan,Al Burgin,Marty Conrad,Cap Edwards,Guil Falcon,Hippo Gozdowski,Tom Holleran,Steamer Horning,Reno Jones,John Kellison,Tex Kelly,Jim Kendrick,Gus King,Truck Myers,Chuck O'Neil,Dwight Peabody,Leo Petree,Bob Phelan,Red Roberts,Tubby Roush,Buck Saunders,Jimmy Simpson,Herb Stein,Russ Stein,John Tanner,Festus Tierney,Rat Watson,Mac White
1922:mck,ERROR
1922:ric,ERROR
1922:whe,ERROR
1922:sen,ERROR
1923:chl,ERROR
1923:ptq,ERROR
1923:chi,Hunk Anderson,Hugh Blacklock,George Bolan,Johnny Bryan,Gus Fetz,Jim Flaherty,Hec Garvey,George Halas,Duke Hanny,Ed Healey,Oscar Knop,Joe LaFleur,Jake Lanum,Frank Rydzewski,Ralph Scott,Dutch Sternaman,Joey Sternaman,George Trafton,Lou Usher
1923:cst,ERROR
1923:ely,ERROR
1923:abu,ERROR
1923:log,ERROR
1923:stp,ERROR
1923:gb,ERROR
1923:dhr,ERROR
1923:akr,Frank Bacon,Wayne Brenkert,George Brown,Carl Cramer,Red Daum,Bill Edgar,Jim Flower,Art Haley,Isham Hardy,Dutch Hendrian,Walt LeJeune,Grover Malone,Al Michaels,Joe Mills,Al Nesser,Red Roberts,Les Scott,Ed Shaw,Hugh Sprinkle,Charlie Stewart,Dutch Wallace,Milt Wilson
1923:ftw,ERROR
1923:bff,Pete Bahan,Scotty Bierce,Glenn Carberry,Bunny Corcoran,Frank Culver,Bill Edgar,Jack Flavin,Fred Foster,Gil Gregory,Mike Gulian,Tommy Holleran,Tommy Hughitt,Tex Kelly,John Mahoney,Roy Martineau,Elmer McCormick,Frank Morrissey,Vince Mulvey,Bob Nash,Ben Roderick,Johnny Scott,Pat Smith,Gus Sonnenberg,Carl Thomas,Mike Trainor,Luke Urban,Swede Youngstrom
1923:tlm,ERROR
1923:zan,ERROR
1923:ccl,ERROR
1923:oor,Napoleon Barrel,Peter Blackbear,Leon Boutwell,Ted Buffalo,Pete Calac,Xavier Downwind,Joe Guyon,Al Jolley,Nick Lassa,Chim Lingrel,Joe Little Twig,Ted Lone Wolf,Emmett McLemore,Ed Nason,Bill Newashe,Joe Pappio,Stan Powell,Jack Thorpe,Jim Thorpe,Woodchuck Welmas
1923:sla,Roy Andrews,John Cardwell,Pete Casey,James Finnegan,Jack Gray,Dick King,Ollie Kraehe,Walt Kreinheder,Ward Meese,George Meinhardt,Johnny Milton,Bill Murrah,Orville Siegfried,Eber Simpson,Brick Travis,Bub Weller,Hal Wilder,Ernie Winburn,Lee Wykoff
1923:cbd,Bird Carroll,Guy Chamberlin,Rudy Comstock,Larry Conover,Doc Elliott,Tex Grigg,Dutch Hendrian,Pete Henry,Ben Jones,Link Lyman,Vern Mullen,Duke Osborn,Harry Robb,Wooky Roberts,Ben Roderick,Ben Shaw,Russ Smith,Lou Smyth,Dutch Speck,Joe Williams
1923:mun,ERROR
1923:cwp,ERROR
1923:rck,ERROR
1923:ari,ERROR
1923:mnn,Adrian Baril,Oscar Christianson,Ainer Cleve,Danny Coughlin,Paul Flinn,Bob Fosdick,Dutch Gaustad,Hal Hanson,Dick Hudson,Bill Irgens,Ave Kaplan,George Kramer,Harry Mehre,Louie Mohs,Louie Pahl,Eber Sampson,Rudy Tersch,Festus Tierney
1923:tho,ERROR
1923:ng1,ERROR
1923:dul,Roddy Dunn,Wally Gilbert,Ira Haaven,Ken Harris,Art Johnson,Howard Kieley,Mickey MacDonnell,John Madigan,Russ Method,Red Morse,Dick O'Donnell,Bill Rooney,Joe Rooney,Bill Stein,Joey Sternaman,Doc Williams
1923:ton,ERROR
1923:wbu,ERROR
1923:wgc,ERROR
1923:gar,ERROR
1923:ros,ERROR
1923:rii,John Armstrong,Joe Bernstein,Sol Butler,Forrest Cotton,Frank DeClerk,Bill Giaver,Alex Gorgal,Max Kadesky,Louie Kolls,Waddy Kuehl,Walter Lowe,Charlie Lungren,Bob Phelan,Herb Sies,Duke Slater,Hank Smith,George Thompson,Harry Webber,Mike Wilson
1923:ftp,ERROR
1923:mnm,ERROR
1923:cti,ERROR
1923:cnc,ERROR
1923:lan,ERROR
1923:lou,Chase Boldt,Austin Brunklacher,Al Espie,Salem Ford,Dick Gibson,Patsy Giugliano,Herb Gruber,Austin Higgins,Bob Karch,Jim Kendrick,Charlie Lanham,Russell Meredith,Charlie Olmstead,Bo Otto,John Quast,Earl Reiser,John Rowan,Jimmy Van Dyke,George Wanless,Robert White,Hubert Wiggs
1923:kew,ERROR
1923:uap,ERROR
1923:atn,ERROR
1923:dti,ERROR
1923:rac,Shorty Barr,A.C. Bauer,Jimmy Baxter,Art Braman,Chuck Dressen,Al Elliott,Bob Foster,Hank Gillo,Earl Gorman,Death Halladay,George Hartong,Fritz Heinisch,Jack Hueller,Irv Langhoff,Bill McCaw,Paul Meyers,Candy Miller,John Mintun,Al Pierotti,Fritz Roeseler,Milt Romney,Len Smith,Howard Stark,Rollie Williams
1923:syr,ERROR
1923:wja,ERROR
1923:mut,ERROR
1923:ecg,ERROR
1923:mil,Russ Blailock,Jimmy Conzelman,Dinger Doane,John Dooley,Hal Erickson,Frank Jordan,Ojay Larson,Marv Mattox,Larry McGinnis,Bo McMillin,Johnny Milton,George Mooney,Peaches Nadolney,Al Pierotti,Ed Rate,Dick Reichle,Lenny Sachs,Russ Smith,Bill Strickland,Jim Turner,John Underwood,Roy Vassau,Ad Wenke,Chet Widerquist,Ben Winkelman
1923:col,Elliott Bonowitz,Paul Goebel,Gus Goetz,Ray Hanson,Jack Heldt,Wilmer Isabel,Joe Mulbarger,Andy Nemecek,Bill Passuelo,Harry Randolph,Bob Rapp,Homer Ruh,John Sack,Lee Snoots,Gus Sonnenberg,Pete Stinchcomb,Gus Tebell,Red Weaver,Sonny Winters
1923:rch,Will Anderson,Bob Argus,Joe Bachmaier,Hugh Bancroft,Hal Clark,Red Emslie,Fred Foster,Mike Gavagan,Cy Kasper,Jim Leonard,Darby Lowery,Frank Matteo,Joe McShea,Jerry Noonan,Leo Peyton,Spin Roy,Shag Sheard,Hank Smith,Gordon Wallace,Jim Welsh,Ray Witter,Jimmy Woods
1923:day,Fay Abbott,Frank Bacon,John Beasley,Bobby Berns,Earl Burgner,Ken Crawford,Larry Dellinger,Harold Fenner,Russ Hathaway,Ken Huffine,Al Jolley,Hobby Kinderdine,Walt Kinderdine,Lou Partlow,Dave Reese,Ed Sauer,Dutch Thiele,Glenn Tidd
1923:clp,ERROR
1923:chb,ERROR
1923:cht,ERROR
1923:uti,ERROR
1923:ham,Dunc Annan,George Berry,Sol Butler,Lloyd Cearing,John Detwiler,Carl Hanke,Wally Hess,Oscar Knop,Bill Kovacsy,Swede Larson,Russ Oltz,Fritz Pollard,Elliott Risley,Ed Robinson,Frank Rydzewski,Walt Sechrist,Ed Seibert,Wilfred Smith,Steve Sullivan,Dave Tallant,Lou Usher,Inky Williams
1923:pul,ERROR
1923:dtm,ERROR
1923:tol,Don Batchelor,Marty Conrad,Guil Falcon,France Fitzgerald,Joe Gillis,Cowboy Hill,Steamer Horning,Ben Hunt,Cliff Jetmore,Jerry Jones,Heinie Kirkgard,Dutch Lauer,Tom McNamara,Chuck O'Neil,Si Seyfrit,Dutch Strauss,Tillie Voss,Rat Watson,Mac White
1923:cib,Hunk Anderson,Pete Bahan,Scotty Bierce,Arda Bowser,Frank Civiletto,Hal Ebersole,Deke Edler,Cap Edwards,Frank Garden,Charlie Guy,Iolas Huffman,Ed Johns,Stan Keck,Johnny Kyle,Bo McMillin,Truck Myers,Lou Partlow,Doug Roby,Rudy Rosatti,Joe Setron,Pete Stinchcomb,John Tanner,Ralph Vince,Sol Weinberg,Dick Wolf,Joe Work
1923:mck,ERROR
1923:ric,ERROR
1923:whe,ERROR
1923:sen,ERROR
1924:chl,ERROR
1924:ptq,ERROR
1924:chi,Hunk Anderson,Hugh Blacklock,George Bolan,Johnny Bryan,George Halas,Duke Hanny,Ed Healey,Oscar Johnson,Jim Kendrick,Oscar Knop,Joe LaFleur,Jake Lanum,Jim McMillen,Vern Mullen,Harry O'Connell,Ralph Scott,Dutch Sternaman,Joey Sternaman,George Trafton,Laurie Walquist
1924:cst,ERROR
1924:fyj,Al Bedner,Bull Behman,Harry Dayhoff,Eddie Doyle,Jack Finn,Mike Gulian,Tex Hamer,Les Haws,Bill Hoffman,Rob Jamieson,Bill Kellogg,Milt O'Connell,Butch Spagna,Herb Stein,Russ Stein,Jack Storer,George Sullivan,Whitey Thomas,Charlie Way,Jim Welsh
1924:ely,ERROR
1924:ken,Jimmy Baxter,Irv Carlson,Walt Cassidy,Marty Conrad,George Dahlgren,Dick Egan,Swede Erickson,Earl Gorman,Fritz Heinisch,Bill Hurst,Ray Oberbroekling,Clete Patterson,Pard Pearce,Earl Potteiger,George Seasholtz,Jimmy Simpson,Dick Stahlman,Lou Usher,Dick Vick,Whitey Wolter,Marv Wood
1924:abu,ERROR
1924:log,ERROR
1924:stp,ERROR
1924:gb,ERROR
1924:dhr,ERROR
1924:akr,John Barrett,Marty Beck,George Berry,Wayne Brenkert,Sol Butler,Carl Cardarelli,Carl Cramer,Red Daum,Jim Flower,Paul Hogan,Frank Hogue,Al Michaels,Joe Mills,Stan Mills,Al Nesser,Harry Newman,James Robertson,Walt Sechrist,Dutch Speck,Hugh Sprinkle,Dick Stahlman,Dutch Wallace,Milt Wilson,Giff Zimmerman
1924:ftw,ERROR
1924:bff,Jim Ailinger,Benny Boynton,Russ Burt,Pete Calac,Glenn Carberry,Harry Collins,Frank Culver,Lou Feist,Jack Flavin,Gil Gregory,Al Guarnieri,Iolas Huffman,Tommy Hughitt,Ken Jones,Eddie Kaw,Glenn Knack,Babe Kraus,Elmer McCormick,Al Mitchell,Frank Morrissey,Mike Trainor,Len Watters,Swede Youngstrom
1924:tlm,ERROR
1924:zan,ERROR
1924:ccl,ERROR
1924:oor,ERROR
1924:sla,ERROR
1924:cbd,ERROR
1924:mun,ERROR
1924:cwp,ERROR
1924:rck,ERROR
1924:ari,ERROR
1924:mnn,Adrian Baril,Oscar Christianson,Ainer Cleve,Pat Dunnigan,Beanie Eberts,Tom Hogan,Bill Houle,Ed Johns,George Kramer,John Madigan,Louie Mohs,Marty Norton,Eddie Novak,Louie Pahl,Fred Putzier,Les Scott,John Simons,Festus Tierney
1924:tho,ERROR
1924:ng1,ERROR
1924:dul,Eddie Bratt,Oke Carlson,Herbert Clow,Art Engstrom,Wally Gilbert,Art Johnson,Doc Kelley,Howard Kieley,Allen MacDonald,Russ Method,Bill O'Toole,Bill Rooney,Cobb Rooney,Joe Rooney,Jim Sanford,Bill Stein,Leif Strand,Jack Underwood,Roy Vexall,Doc Williams
1924:ton,ERROR
1924:wbu,ERROR
1924:wgc,ERROR
1924:gar,ERROR
1924:ros,ERROR
1924:rii,John Armstrong,Bill Ashbaugh,Joe Bernstein,Wes Bradshaw,Walt Buland,Frank DeClerk,Buck Gavin,Joe Guyon,Louie Kolls,Joe Kraker,Joe Little Twig,Vince McCarthy,Bob Phelan,Ned Scott,Duke Slater,Basil Stanley,George Thompson,Fred Thomsen,Jim Thorpe,Rube Ursella,Mike Wilson
1924:ftp,ERROR
1924:mnm,ERROR
1924:cti,ERROR
1924:cnc,ERROR
1924:lan,ERROR
1924:lou,ERROR
1924:kew,ERROR
1924:uap,ERROR
1924:atn,ERROR
1924:dti,ERROR
1924:rac,Shorty Barr,Al Bentzin,Roman Brumm,Lee Croft,Al Elliott,Bill Giaver,Hank Gillo,Death Halladay,Dick Hanley,Jack Hueller,Ralph King,John Mintun,Johnny Mohardt,Don Murry,Chuck Palmer, Riley,Fritz Roeseler,Milt Romney,Len Smith,John Thomas
1924:syr,ERROR
1924:wja,ERROR
1924:mut,ERROR
1924:ecg,ERROR
1924:mil,Jimmy Conzelman,Dinger Doane,Red Dunn,Hal Erickson,Bob Foster,Ojay Larson,Walt LeJeune,Larry McGinnis,George Mooney,Frank Morrissey,Peaches Nadolney,Clem Neacy,Al Pierotti,Lenny Sachs,Russ Smith,Evar Swanson,Lou Usher,Bub Weller,Chet Widerquist,Ben Winkelman
1924:col,Earl Duvall,Walt Ellis,Paul Goebel,Neil Halleck,Wilmer Isabel,John Layport,Joe Mantell,Wilkie Moody,Joe Mulbarger,Andy Nemecek,Boni Petcoff,Bob Rapp,Homer Ruh,Herb Schell,Herb Stock,Gus Tebell,Buddy Tynes,Sonny Winters,Oscar Wolford
1924:rch,Doc Alexander,Will Anderson,Bob Argus,Joe Bachmaier,Reaves Baysinger,Benny Boynton,Hal Clark,John Coaker,Frank Culver,John Dooley,Fred Foster,Tex Grigg,Darby Lowery,Roy Martineau,Frank Matteo,Bob Nash, Nielson,Jerry Noonan,Clem Nugent,Red Pearlman,Leo Peyton,Billy Rafter,Spin Roy,Bill Ryan,Shag Sheard,Hank Smith,Lou Smyth,Elmer Volgenau,Gordon Wallace,Jimmy Woods
1924:day,Fay Abbott,Frank Bacon,Bobby Berns,Elliott Bonowitz,Dick Egan,Dick Faust,Harold Fenner,Russ Hathaway,Ken Huffine,Hobby Kinderdine,Shine Kinderdine,Walt Kinderdine,Waddy Kuehl,Armin Mahrt,Stan Muirhead,Lou Partlow,Gus Redman,Ed Sauer,Herb Sies,Glenn Tidd,Inky Williams
1924:clp,ERROR
1924:chb,ERROR
1924:cht,ERROR
1924:uti,ERROR
1924:ham,Dunc Annan,George Berry,Teddy Besta,Lyle Burton,Sol Butler,John Detwiler,Guil Falcon,Bill Fortune,Wally Hess,Ward Meese,Ray Neal,Russ Oltz,Mace Roberts,Ed Robinson,Frank Rydzewski,Lenny Sachs,Si Seyfrit,Dick Stahlman,Steve Sullivan,Dave Tallant,Lou Usher,Rat Watson,Inky Williams
1924:pul,ERROR
1924:dtm,ERROR
1924:tol,ERROR
1924:cib,Chalmer Ault,Scotty Bierce,Hal Burt,Guy Chamberlin,Rudy Comstock,Cap Edwards,Doc Elliott,Charlie Honaker,Ben Jones,Jerry Jones,Link Lyman,Stan Muirhead,Dave Noble,Duke Osborn,Wooky Roberts,Olin Smith,Russ Smith,John Tanner,Dick Wolf,Joe Work,Hoge Workman
1924:mck,ERROR
1924:ric,ERROR
1924:kcb,Roy Andrews,Henry Bassett,Joy Berquist,Jim Bradshaw,Bob Choate,Chuck Corgan,Rufe DeWitz,Charley Hill,Cowboy Hill,Al Krueger,Lew Lane,Emmett McLemore,Johnny Milton,Steve Owen,Carl Peterson,Ivan Quinn,Milt Rehnquist,Dick Sears,Dick Stahlman,Dutch Strauss,Steve Sullivan,Eddie Usher,Rat Watson,Dutch Webber,Bud Widick
1924:whe,ERROR
1924:sen,ERROR
1925:chl,ERROR
1925:ptq,ERROR
1925:chi,Hunk Anderson,Hugh Blacklock,Earl Britton,Johnny Bryan,Mush Crawford,Bill Fleckenstein,Red Grange,George Halas,Duke Hanny,Ed Healey,Ralph King,Oscar Knop,Jim McMillen,Johnny Mohardt,Vern Mullen,Don Murry,Milt Romney,Ralph Scott,Russ Smith,Dutch Sternaman,Joey Sternaman,George Trafton,Laurie Walquist,Buck White
1925:cst,ERROR
1925:fyj,Bull Behman,Doc Bruder,Stanley Burnham,Charlie Carton,Guy Chamberlin,Alex Clement,Clark Craig,Rae Crowther,Saville Crowther,Jug Earp,Bob Fitzke,Tex Hamer,Art Harms,Les Haws,Bill Hoffman,Two-Bits Homan,Ben Jones,Jake Kaufman,Walt LeJeune,Bulger Lowe,Link Lyman,Elmer McCormick,Milt O'Connell,Walt Sechrist,Red Seidelson,Lou Smyth,Butch Spagna,Bill Springsteen,Hust Stockton,George Sullivan,Jim Welsh,Tony Wilsbach
1925:ely,ERROR
1925:ken,ERROR
1925:abu,ERROR
1925:log,ERROR
1925:stp,ERROR
1925:gb,ERROR
1925:dhr,ERROR
1925:akr,Dunc Annan,John Barrett,George Berry,Scotty Bierce,Frank Bissell,Russ Blailock,Knute Caldwell,Chase Clements,Marty Conrad,Carl Cramer,Red Daum,Guil Falcon,Jim Flower,Fritz Henry,Joe Mills,Al Nesser,Obie Newman,Fanny Niehaus,Fritz Pollard,James Robertson,Dick Stahlman
1925:prv,Speed Braney,Chick Burke,Dutch Connor,Jim Crowley,Dolph Eckstein,Franny Garvey,Archie Golembeski,Mike Gulian,Ching Hammill,Joe Kozlowsky,Jim Laird,Bulger Lowe,Red Maloney,Hugh McGoldrick,Al McIntosh,Don Miller,Curly Oden,Pard Pearce,John Pohlman,Fritz Pollard,Hop Riopel,Nate Share,Fred Sheehan,Bert Shurtleff,Jack Spellman,Spike Staff,Fred Sweet,John Thomas,Cy Wentworth,Lloyd Young
1925:ftw,ERROR
1925:bff,Les Asplundh,Ben Barber,Doc Bruder,Russ Burt,Ed Carman,Floyd Christman,Harry Curzon,Lou Feist,Darrell Fisher,Eddie Fisher,Wally Foster,Chet Gay,Milo Gwosden,Norm Harvey,Jim Kendrick,Jimmy Kennedy,Walt Koppisch,Elmer McCormick,Jim Noble,Max Reed,Chase Van Dyne,Swede Youngstrom
1925:tlm,ERROR
1925:zan,ERROR
1925:ccl,ERROR
1925:oor,ERROR
1925:dpn,Bill Bucher,Jimmy Conzelman,Al Crook,Dinger Doane,Walt Ellis,Jack Fleischmann,Al Hadden,Tom Hogan,Vivian Hultman,Dutch Lauer,Dutch Marion,Tom McNamara,Russ Smith,Gus Sonnenberg,Dick Vick,Ernie Vick,Tillie Voss,By Wimberly
1925:sla,ERROR
1925:cbd,Ray Brenner,Pete Calac,Bird Carroll,Rudy Comstock,Frank Culver,Willie Flattery,Wilmer Fleming,Al Guarnieri,Pete Henry,Paul Hogan,Ben Jones,Rip Kyle,Link Lyman,Wade McRoberts,Lou Merillat,Ruel Redinger,Harry Robb,Norb Sacksteder,Dick Schuster,Dutch Speck,Dutch Strassner,Giff Zimmerman
1925:mun,ERROR
1925:cwp,ERROR
1925:ptb,Clarence Beck,Charlie Berry,Frank Bucher,Harry Dayhoff,Eddie Doyle,Jack Ernst,Hoot Flanagan,Walter French,Russ Hathaway,Denny Hughes,Tony Latone,Fungy Lebengood,Armin Mahrt,Bob Millman,Duke Osborn,Frank Racis,Dick Rauch,Ed Sauer,Herb Stein,Russ Stein,Barney Wentz
1925:rck,ERROR
1925:ari,ERROR
1925:mnn,ERROR
1925:nyg,Doc Alexander,Al Bedner,Heinie Benkert,Lynn Bomar,Matt Brennan,Art Carney,Jim Frugone,Hinkey Haines,Dutch Hendrian,Cowboy Hill,Paul Jappe,Bill Kenyon,Jack McBride,Ed McGinley,Century Milstead,Tom Moran,Tommy Myers,Bob Nash,Swede Nordstrom,Mike Palm,Babe Parnell,Earl Potteiger,Owen Reynolds,Bill Rooney,Jim Thorpe,Tommy Tomlin,Larry Walbridge,Phil White,Joe Williams
1925:tho,ERROR
1925:ng1,ERROR
1925:dul,Charlie Black,Oke Carlson,Fred Denfeld,Wally Gilbert,Art Johnson,Doc Kelley,Howard Kieley,Mike Koziak,Mickey MacDonnell,Bobby Marshall,Russ Method,Wally O'Neill,Bill Rooney,Cobb Rooney,Porky Rundquist,Bill Stein,Rex Tobin,Jack Underwood,Roy Vexall,Doc Williams
1925:ton,ERROR
1925:wbu,ERROR
1925:wgc,ERROR
1925:gar,ERROR
1925:ros,ERROR
1925:rii,Paul Anderson,John Armstrong,Les Belding,Lyle Burton,Forrest Cotton,George Dahlgren,Frank DeClerk,Buck Gavin,Harry Hall,Dutch Hendrian,Ed Herman,Chuck Hill,Jim Kendrick,Louie Kolls,Roddy Lamb,Joe Little Twig,Vince McCarthy,Eddie Novak,Joe Rooney,Duke Slater,Evar Swanson,George Thompson,Jim Thorpe,Rube Ursella,Chet Widerquist
1925:ftp,ERROR
1925:mnm,ERROR
1925:cti,ERROR
1925:cnc,ERROR
1925:lan,ERROR
1925:lou,ERROR
1925:kew,ERROR
1925:uap,ERROR
1925:atn,ERROR
1925:dti,ERROR
1925:rac,ERROR
1925:syr,ERROR
1925:wja,ERROR
1925:mut,ERROR
1925:ecg,ERROR
1925:mil,Adrian Baril,Shorty Barr,Johnny Blood,Roman Brumm,Johnny Bryan,Jack Daniels,Daroll DeLaPorte,Pat Dunnigan,John Fahay,Hank Gillo,Sam Mason,Heinie Miller,Peaches Nadolney,Clem Neacy,Chuck Reichow,Charlie Richardson,Fritz Roeseler,Bill Ryan,Frank Rydzewski,Jim Snyder,Bill Thompson,Festus Tierney,Barney Traynor
1925:col,Dom Albanese,Gale Bullman,Herb Davis,Earl Duvall,Ray Eichenlaub,Walt Ellis,Paul Goebel,Tom Long,Paul Lynch,Wilkie Moody,Joe Mulbarger,Andy Nemecek,Frank Nesser,Boni Petcoff,Bob Rapp,Jim Regan,George Rohleder,Homer Ruh,Lee Snoots,Buddy Tynes
1925:rch,Bob Argus,Gene Bedford,Hal Clark,Ham Connors,John Dooley,Guil Falcon,Tex Grigg,Jake Hoffman,Bill Kellogg,Tex Kelly,Jim Kendrick,Darby Lowery,Ed Lynch,Roy Mackert,Roy Martineau,Frank Matteo,Spin Roy,Shag Sheard,Hank Smith,Lou Smyth,Dave Ziff
1925:day,Fay Abbott,Frank Bacon,Elliott Bonowitz,Dick Dobeleit,Clarence Drayer,Harold Fenner,John Gabler,Al Graham,Charlie Guy,Ken Huffine,Zip Joseph,Hobby Kinderdine,Walt Kinderdine,Bill Knecht,John Layport,Armin Mahrt,Johnny Mahrt,Gene Mayl,Lou Partlow,Ed Sauer,Russ Young
1925:clp,ERROR
1925:chb,ERROR
1925:cht,ERROR
1925:uti,ERROR
1925:ham,Dunc Annan,Sol Butler,Ed Carman,Ken Crawford,Harry Curzon,George Dahlgren,Wop Drumstead,Guil Falcon,Bill Fortune,Bill Giaver,Wally Hess,Dick Hudson,Merle Hunter,Jim Kendrick,Rip King,Glen Magnusson, McDonald,Ward Meese,Ray Neal,Russ Oltz,Fritz Pollard,Ed Robinson,Frank Rydzewski,Lenny Sachs,Dave Tallant,Rat Watson,Inky Williams
1925:pul,ERROR
1925:dtm,ERROR
1925:tol,ERROR
1925:cib,Chalmer Ault,George Baldwin,Herb Bauer,Phil Branon,Obie Bristow,Karl Broadley,Glenn Carberry,Carl Cardarelli,Chase Clements,Alf Cobb,Larry Conover,Gus Eckberg,Doc Elliott,Frank Garden,Walt Kreinheder,Rudy Kutler,Ed Loucks,Russell Meredith,Al Michaels,Truck Myers,Nick Nardacci,Al Nesser,Dave Noble,Ray Norton,Steve Owen,Milt Rehnquist,Wooky Roberts,Walt Sechrist,Maury Segal,Bob Spiers,Hugh Sprinkle,Gene Stringer,Paul Suchy,Ralph Vince,Dutch Wallace,Dutch Webber,Inky Williams,Dick Wolf,Joe Work,Swede Youngstrom
1925:mck,ERROR
1925:ric,ERROR
1925:kcb,Roy Andrews,Bill Ashbaugh,Al Bloodgood,Obie Bristow,Chuck Corgan,Joe Guyon,Charley Hill,Cowboy Hill,Dosey Howard,Joe Milam,John Mintun,Lyle Munn,Steve Owen,Jim Palermo,Milt Rehnquist,Clyde Smith,Alvie Thompson,Dutch Webber,Phil White
1925:whe,ERROR
1925:sen,ERROR
1926:chl,ERROR
1926:ptq,ERROR
1926:chi,Johnny Bryan,Bill Buckler,Paddy Driscoll,Earl Evans,Bill Fleckenstein,George Halas,Duke Hanny,Ed Healey,Oscar Knop,Cliff Lemon,Link Lyman,Jim McMillen,Vern Mullen,Don Murry,Milt Romney,Bill Senn,Dutch Sternaman,George Trafton,Laurie Walquist
1926:cst,ERROR
1926:fyj,Bob Books,Doc Bruder,Johnny Budd,Joe Carpe,Guy Chamberlin,Rudy Comstock,Rae Crowther,Leo Douglass,Fred Graham,Tex Hamer,Bill Hoffman,Paul Hogan,Two-Bits Homan,Ben Jones,Bulger Lowe,Walter Mahan,Hap Moran,Daddy Potts,Max Reed,Wooky Roberts,Lou Smyth,Bill Springsteen,Hust Stockton,Ed Weir,Ned Wilcox,Swede Youngstrom
1926:ely,ERROR
1926:ken,ERROR
1926:abu,ERROR
1926:log,ERROR
1926:stp,ERROR
1926:gb,ERROR
1926:lab,Juddy Ash,Ben Bangs,Fred Beach,Bull Finch,Bill Gutteron,Del Hufford,Tut Imlay,Tuffy Maul,Jack McArthur,Brick Muller,Don Newmeyer,John Nolan,Artie Sandberg,Pete Schaffnit,Don Thompson,John Thurman,Ellery White,Al Young
1926:dhr,ERROR
1926:akr,Dunc Annan,Marty Beck,George Berry,Frank Bissell,Knute Caldwell,Alvro Casey,Ralph Chase,Carl Cramer,Red Daum,Hal Griggs,Isham Hardy,Joe Little Twig,Nat McCombs,Joe Mills,Al Nesser,Obie Newman,Fritz Pollard,George Rohleder,Red Seidelson,Rube Ursella,Dutch Wallace,Hal Wendler
1926:prv,Speed Braney,Jack Donahue,Dolph Eckstein,Carl Etelman,Dutch Forst,Franny Garvey,Archie Golembeski,Fred Graham,Mike Gulian,Vern Hagenbuckle,Swede Hummel,Jack Keefer,Lou Koplow,Joe Kozlowsky,Jim Laird,Pinky Lester,Waddy MacPhee,Jim Manning,Ed McCrillis,Joe McGlone,Al McIntosh,Curly Oden,Seneca Samson,Bob Scott,Frank Seyboth,Lou Smyth,Jack Spellman,Jim Stifler,Fred Sweet,John Talbot,Jack Triggs,Cy Wentworth,Bull Wesley,Lloyd Young
1926:brl,Herm Bagby,Hugh Blacklock,Jim Bond,Matt Brennan,Earl Britton,Dutch Connor,Leo Douglass,Ted Drews,Hec Garvey,Ed Harrison,Red Howard,Paul Jappe,Steve Kobolinski,Al Leith,Dick McGrath,Bob Morris,Tommy Myers,Swede Nordstrom,Ted Plumridge,Ed Reagen,Owen Reynolds,Quentin Reynolds,Bill Rooney,James Sheldon,George Snell,Bill Stephens,Art Stevenson,Harry Stuhldreher,Tarzan Taylor,Rex Thomas,Chief Toorock,Charlie Weber,Jim Yeager,Dave Ziff
1926:ftw,ERROR
1926:bff,Neely Allison,Wes Bradshaw,Les Caywood,Don Dimmick,Van Edmondson,Lou Feist,Roy Guffey,Ben Hobson,Barlow Irvin,Tex Kelly,Jim Kendrick,George Kirk,Firpo McGilbra,Ralph Nairan,George Nix,Ralph Pittman,Roger Powell,Ted Schwarzer,Elmer Slough,Al Swain,Bill Vaughn,Cop Weathers,Firpo Wilcox,Joe Willson,Mule Wilson
1926:tlm,ERROR
1926:zan,ERROR
1926:ccl,ERROR
1926:oor,ERROR
1926:dpn,John Barrett,John Cameron,Jimmy Conzelman,Al Crook,Dinger Doane,Tom Edwards,Jack Fleischmann,Bruce Gregory,Charlie Grube,Al Hadden,Norm Harvey,Vivian Hultman,Dutch Lauer,Ed Lynch,Dutch Marion,Tom McNamara,Eddie Scharer,Gus Sonnenberg,Dick Vick
1926:sla,ERROR
1926:cbd,Sam Babcock,Sol Butler,Pete Calac,Hook Comer,Art Deibel,Willie Flattery,Pete Henry,Rip Kyle,Joe Little Twig,Cliff Marker,Wade McRoberts,Don Nelson,John Nichols,Harry Robb,Stan Robb,Guy Roberts,Ben Roderick,John Sack,Frank Seeds,Dutch Speck,Russ Stein,Jim Thorpe,Dick Vick,Dutch Wallace,Harold Zerbe
1926:mun,ERROR
1926:cwp,ERROR
1926:ptb,Heinie Benkert,Charlie Berry,Jesse Brown,Frank Bucher,Jack Ernst,Hoot Flanagan,Russ Hathaway,Heinie Jawish,George Kenneally,Tony Latone,Bob Millman,Fanny Niehaus,Aaron Oliker,Duke Osborn,Frank Racis,Herb Stein,Jim Welsh,Barney Wentz,Zeke Wissinger,Frank Youngfleish
1926:rck,ERROR
1926:ari,ERROR
1926:mnn,ERROR
1926:nyg,Doc Alexander,John Alexander,Al Bedner,Riley Biggs,Lynn Bomar,Art Carney,Tex Grigg,Jack Hagerty,Hinkey Haines,Art Harms,Cowboy Hill,Kid Hill,Paul Hogan,Glenn Killinger,Walt Koppisch,Jack McBride,Mickey Murtagh,Al Nesser,Steve Owen,Mike Palm,Babe Parnell,Earl Potteiger,Art Stevenson,Tommy Tomlin,Tillie Voss,Dutch Webber,Joe Williams
1926:tho,ERROR
1926:ng1,ERROR
1926:dul,Johnny Blood,Walt Buland,Oke Carlson,Paul Fitzgibbon,Chuck Gayer,Wally Gilbert,Fritz Heinisch,Art Johnson,Doc Kelley,Walt Kiesling,Louie Larson,Jimmy Manion,Russ Method,Jim Murphy,Jock Murray,Ernie Nevers,Red Quam,Cobb Rooney,Joe Rooney,Porky Rundquist,Dewey Scanlon,Bill Stein,Ray Suess,Hew Sullivan,Jack Underwood,Doc Williams
1926:ton,ERROR
1926:wbu,ERROR
1926:wgc,ERROR
1926:gar,ERROR
1926:ros,ERROR
1926:rii,ERROR
1926:ftp,ERROR
1926:mnm,ERROR
1926:cti,ERROR
1926:cnc,ERROR
1926:lan,ERROR
1926:lou,Dan Bernoske,Ed Berwick,Ray Bush,Harry Curzon,Jim Eiden,Bill Flannigan,Al Gansberg,Bill Giaver,Gene Golsen,Tom Golsen,Vee Green,Glenn Greenwood,Steve Hanson,Larry Jackson,Gar Leaf,Bill McCaw,John McDonald,Lou Metzger, Omensky,Chuck Palmer,Ed Robinson,Lenny Sachs,John Scanlon,Walt Sechrist,Gerry Sherry,George Slagle,Pete Stinchcomb,Pete Vainowski
1926:kew,ERROR
1926:uap,ERROR
1926:atn,ERROR
1926:dti,ERROR
1926:rac,Shorty Barr,George Bernard,Adolph Bieberstein,Champ Boettcher,Roman Brumm,George Burnside,Don Curtin,John Fahay,Hank Gillo,George Glennie,Richard Hardy,Fritz Heinisch,Fred Hobscheid,Graham Kernwein,Frank Linnan,Roy Longstreet,Barney Mathews,Wally McIlwain,John Mintun,Jim Murphy,Jim Oldham,Chuck Reichow,Ed Sparr,Gil Sterr
1926:syr,ERROR
1926:wja,ERROR
1926:mut,ERROR
1926:ecg,ERROR
1926:mil,Fred Abel,Roger Ashmore,Johnny Bryan,Joe Burks,Don Curtin,Lavvie Dilweg,Steve Douglas,Pat Dunnigan,Clarke Fischer,Chet Gay,Stone Hallquist,Johnny Heimsch,Frank Hertz,Stan Kuick,Oxie Lane,Tom Murphy,Clem Neacy,Ossie Orwoll,Howie Slater
1926:col,Pete Barnum,Bill Berrehsem,Jim Bertoglio,John Conley,Herb Davis,Earl Duvall,Flop Gorrill,Jack Heldt,Len Johnson,Joe Mulbarger,Tommy Murphy,Frank Nesser,Ike Nonnemaker,Harley Pearce,Boni Petcoff,Earl Plank,Bob Rapp,Lou Reichel,Flash Woods
1926:rch,ERROR
1926:day,Fay Abbott,Johnnie Becker,Art Beckley,Jack Brown,Eric Calhoun,Dick Dobeleit,Harold Fenner,Al Graham,Mack Hummon,Hobby Kinderdine,John Layport,Armin Mahrt,Lou Mahrt,Gene Mayl,Lou Partlow,Peck Reiter,Ed Sauer
1926:clp,ERROR
1926:chb,ERROR
1926:cht,ERROR
1926:uti,ERROR
1926:ham,Dunc Annan,Gene Bedford,George Berry,Sol Butler,Charley Carr,Ralph Chase,Harry Curzon,George Dahlgren,George Fisher,Buck Gavin,Ray Hahn,Dick Hudson,Merle Hunter,Jack McKetes,Bill Nagida,Ray Neal,Don Nelson,Obie Newman,Ed Robinson,Frank Rydzewski,Walt Sechrist,Russ Smith,Rube Ursella,Lou Usher,Hal Wendler,Inky Williams
1926:pul,ERROR
1926:dtm,ERROR
1926:tol,ERROR
1926:hrt,Eddie Barnikow,Jack Bonadies,Harry Brian,Chuck Corgan,Dilly Dally,Jim Donlin,Furlong Flynn,Jim Foley,Jake Friedman,Hec Garvey,Dennis Gildea,Dimp Halloran,John Harris,Lefty Jamerson,Ed Keenan,Ed Lynch,Jim Manning,Ernie McCann,Elmer McCormick,Ed McEvoy,Harry McMahon,Ralph Nichols,Dick Noble,Grat O'Connell,Frank O'Connor,Red O'Neill,Jack Perrin,Vic Radzievitch,Joe Santone,Rocky Segretta,Stan Sieracki,Ken Simendinger,Lou Smyth,Enid Thomas,Dutch Webber,Mule Werwaiss,Henry Zehrer
1926:cib,ERROR
1926:mck,ERROR
1926:ric,ERROR
1926:kcb,Roy Andrews,Joy Berquist,Al Bloodgood,Obie Bristow,Tom Cobb,Chuck Corgan,Rufe DeWitz,Charley Hill,Dosey Howard,Swede Hummel,Jim Jacquith,Lyle Munn,Tommy Murphy,Bill Owen,Jim Palermo,Proc Randels,Milt Rehnquist,Clyde Smith,Glen Spear,Alvie Thompson,Dutch Webber,Joe Wostoupal
1926:whe,ERROR
1926:sen,ERROR
1927:chl,ERROR
1927:ptq,ERROR
1927:chi,Johnny Bryan,Bill Buckler,Paddy Driscoll,Earl Evans,Bill Fleckenstein,George Halas,Duke Hanny,Ed Healey,Chuck Kassel,Oscar Knop,Link Lyman,Jim McMillen,Don Murry,Clem Neacy,Milt Romney,Bill Senn,Dutch Sternaman,Joey Sternaman,George Trafton,Ernie Vick,Tillie Voss,Laurie Walquist,Buck White
1927:cst,ERROR
1927:fyj,Bull Behman,Earl Britton,Pots Clark,Rudy Comstock,Babe Connaughton,Chris Cortemeglia,Russ Daugherty,Carl Davis,Bill Donohoe,John Filak,Paul Fitzgibbon,Adrian Ford,Tex Grigg,Tex Hamer,Two-Bits Homan,Chuck Kassel,Tony Kostos,Tom Leary,Cliff Marker,Joey Maxwell,Frank McGrath,Ken Mercer,Lou Molinet,Sully Montgomery,Hap Moran,Dick Moynihan,Max Reed,Pete Richards,Charley Rogers,George Tully,Ed Weir,Joe Weir,Ned Wilcox,Swede Youngstrom
1927:ely,ERROR
1927:ken,ERROR
1927:abu,ERROR
1927:log,ERROR
1927:stp,ERROR
1927:gb,ERROR
1927:lab,ERROR
1927:dhr,ERROR
1927:akr,ERROR
1927:prv,Jimmy Conzelman,Bill Cronin,Jack Cronin,Dinger Doane,Jack Fleischmann,Mike Gulian,Al Hadden,Joe Kozlowsky,Jim Laird,Bulger Lowe,Ed Lynch,Dave Mishel,Grat O'Connell,Curly Oden,Al Pierotti,Bill Pritchard,Orland Smith,Gus Sonnenberg,Jack Spellman,Jim Stifler,Bull Wesley,Abe Wilson,Wildcat Wilson,Lloyd Young,Sam Young
1927:brl,ERROR
1927:ftw,ERROR
1927:bff,Neely Allison,Karl Bohren,Harlan Carr,Ed Doyle,Norm Harvey,Russ Hathaway,Ken Hauser,Ben Hobson,Barlow Irvin,Jack McArthur,Frank McConnell,Paul Minick,Lowell Otte,Ben Roderick,Spin Roy,George Snell,Pinky Thompson,Jack Underwood,Charlie Van Horn,Lou Vedder,Rat Watson,Ralph White,Joe Willson
1927:tlm,ERROR
1927:zan,ERROR
1927:ccl,ERROR
1927:oor,ERROR
1927:dpn,ERROR
1927:sla,ERROR
1927:cbd,ERROR
1927:mun,ERROR
1927:cwp,ERROR
1927:ptb,John Barrett,Johnny Budd,Joe Carpe,Harlan Carr,Les Caywood,Dinger Doane,Walden Erickson,Jack Ernst,Nick Farina,Adrian Ford,Pete Henry,Vivian Hultman,George Kenneally,Frank Kirkleski,Tony Latone,Walt LeJeune,Emil Mayer,Bob Millman,Dinty Moore,Vern Mullen,Duke Osborn,Frank Racis,Paul Rebsamen,Guy Roberts,Eddie Scharer,Jack Underwood,Barney Wentz,Frank Youngfleish
1927:rck,ERROR
1927:ari,ERROR
1927:mnn,ERROR
1927:nyg,Doc Alexander,Riley Biggs,Les Caywood,Chuck Corgan,Hec Garvey,Joe Guyon,Jack Hagerty,Hinkey Haines,Pete Henry,Red Howard,Cal Hubbard,Tut Imlay,Paul Jappe,Jim Kendrick,Cliff Marker,Jack McBride,Century Milstead,Mickey Murtagh,Al Nesser,Steve Owen,Babe Parnell,Earl Potteiger,Dick Stahlman,Phil White,Mule Wilson,Doug Wycoff
1927:tho,ERROR
1927:ng1,ERROR
1927:dul,Roger Ashmore,Bunny Belden,Johnny Blood,Pots Clark,Fritz Cronin,Walt Kiesling,Chick Lang,Jimmy Manion,Jack McCarthy,Bill McNelis,Russ Method,Clem Neacy,Ernie Nevers,Bill Rooney,Cobb Rooney,Joe Rooney, Shanley,Bill Stein,Ray Suess
1927:ton,ERROR
1927:wbu,ERROR
1927:nya,Red Badgro,Bullet Baker,John Bayley,Bob Beattie,Mush Crawford,Jug Earp,Ray Flaherty,Wes Fry,Red Grange,Dick Hall,Norm Harvey,Wild Bill Kelly,Louie Kolls,Fritz Kramer,Jim Lawson,Verne Lewellen,Red Maloney,Larry Marks,Jack McArthur,Mike Michalske,Bo Molenda,Bill Oliver,Forrest Olson,Ralph Scott,Ray Stephens,Eddie Tryon
1927:wgc,ERROR
1927:gar,ERROR
1927:ros,ERROR
1927:rii,ERROR
1927:ftp,ERROR
1927:mnm,ERROR
1927:cti,ERROR
1927:cnc,ERROR
1927:lan,ERROR
1927:lou,ERROR
1927:kew,ERROR
1927:uap,ERROR
1927:atn,ERROR
1927:dti,ERROR
1927:rac,ERROR
1927:syr,ERROR
1927:wja,ERROR
1927:mut,ERROR
1927:ecg,ERROR
1927:mil,ERROR
1927:col,ERROR
1927:rch,ERROR
1927:day,Fay Abbott,Sneeze Achiu,Johnnie Becker,Bill Belanich,Earl Britton,Jack Brown,Augie Cabrinha,Ebby DeWeese,Harold Fenner,Al Graham,Sam Hipa,Red Joseph,Zip Joseph,Hobby Kinderdine,Lou Mahrt,Lou Partlow,Peck Reiter,Ed Seibert,Frank Sillin,Jimmy Tays,Corl Zimmerman
1927:clp,ERROR
1927:chb,ERROR
1927:cht,ERROR
1927:uti,ERROR
1927:ham,ERROR
1927:pul,ERROR
1927:dtm,ERROR
1927:tol,ERROR
1927:hrt,ERROR
1927:cib,Roy Andrews,Carl Bacchus,Herm Bagby,Al Bloodgood,Hal Broda,Les Caywood,Tom Cobb,Cookie Cunningham,Herb DeWitz,Tiny Feather,Benny Friedman,Dosey Howard,Frank Kelley,Jerry Krysl,Harry McGee,Lyle Munn,Bill Owen,Gordon Peery,Proc Randels,Milt Rehnquist,Jim Simmons,Clyde Smith,Rex Thomas,Dutch Webber,Ossie Wiberg,Dick Wolf
1927:mck,ERROR
1927:ric,ERROR
1927:kcb,ERROR
1927:whe,ERROR
1927:sen,ERROR
1928:chl,ERROR
1928:ptq,ERROR
1928:chi,Bill Buckler,Roy Carlson,Ted Drews,Paddy Driscoll,Earl Evans,Bill Fleckenstein,Al Hadden,George Halas,Ed Kallina,Link Lyman,Jim McMillen,Don Murry,Milt Romney,Reggie Russell,Bill Senn,Joey Sternaman,Dick Sturtridge,George Trafton,Ernie Vick,Tillie Voss,John Wallace,Laurie Walquist,Buck White,Elmer Wynne
1928:cst,ERROR
1928:fyj,Bull Behman,Rudy Comstock,Wally Diehl,Emil Dobry,Chief Elkins,John Filak,Hal Hanson,Two-Bits Homan,Chuck Kassel,Tony Kostos,Roger Mahoney,Joey Maxwell,Ken Mercer,Arnie Oehlrich,Johnny Roepke,Charley Rogers,Hust Stockton,Carl Waite,Ed Weir,Bub Weller
1928:ely,ERROR
1928:ken,ERROR
1928:abu,ERROR
1928:log,ERROR
1928:stp,ERROR
1928:gb,ERROR
1928:lab,ERROR
1928:dhr,ERROR
1928:akr,ERROR
1928:prv,Jimmy Conzelman,Bill Cronin,Jack Cronin,Jack Fleischmann,Al Hadden,Duke Hanny,Norm Harvey,Perry Jackson,Jim Laird,Curly Oden,Milt Rehnquist,Jim Simmons,Clyde Smith,Orland Smith,Gus Sonnenberg,Jack Spellman,Pop Williams,Abe Wilson,Wildcat Wilson
1928:brl,ERROR
1928:ftw,ERROR
1928:bff,ERROR
1928:tlm,ERROR
1928:zan,ERROR
1928:ccl,ERROR
1928:oor,ERROR
1928:dpn,ERROR
1928:sla,ERROR
1928:cbd,ERROR
1928:mun,ERROR
1928:cwp,ERROR
1928:ptb,Johnny Blood,Johnny Budd,Joe Carpe,Jack Ernst,Earl Goodwin,Myrl Goodwin,Pete Henry,George Kenneally,Walt Kiesling,Tony Latone,Hap Moran,Will Norman,Duke Osborn,Frank Racis,Joe Rooney,Herb Stein,Barney Wentz
1928:rck,ERROR
1928:ari,ERROR
1928:dwl,Carl Bacchus,Rip Bachor,John Barrett,Les Caywood,Tom Cobb,Tiny Feather,Benny Friedman,Dosey Howard,Pete Jackson,Lyle Munn,Bill Owen,Proc Randels,Eddie Scharer,Len Sedbrook,Rex Thomas,Ernie Vick,Ossie Wiberg,Chet Widerquist,Joe Wostoupal
1928:mnn,ERROR
1928:nyg,Neely Allison,Al Bloodgood,Bruce Caldwell,Ox Eckhardt,Ray Flaherty,Hec Garvey,Jack Hagerty,Hinkey Haines,Bug Hartzog,John Holman,Cal Hubbard,Paul Jappe,Jack McBride,Century Milstead,Hap Moran,Mickey Murtagh,Al Nesser,Steve Owen,Babe Parnell,Tony Plansky,Earl Potteiger,Max Reed,Rudy Rosatti,Paul Schuette,Red Smith,Bull Wesley,Mule Wilson
1928:tho,ERROR
1928:ng1,ERROR
1928:dul,ERROR
1928:ton,ERROR
1928:wbu,ERROR
1928:nya,Red Badgro,Jack Colahan,Hector Cyre,Jack Ernst,Ray Flaherty,Ed Gallagher,Frank Grube,Murrell Hogue,Wild Bill Kelly,Harvey Levy,Jack McArthur,Frank McGrath,Joe McLain,Mike Michalske,Bo Molenda,Bill Pritchard,Frank Racis,Dick Rauch,Cobb Rooney,Sam Salemi,Red Smith,Art Stevenson,Gibby Welch
1928:wgc,ERROR
1928:gar,ERROR
1928:ros,ERROR
1928:rii,ERROR
1928:ftp,ERROR
1928:mnm,ERROR
1928:cti,ERROR
1928:cnc,ERROR
1928:lan,ERROR
1928:lou,ERROR
1928:kew,ERROR
1928:uap,ERROR
1928:atn,ERROR
1928:dti,ERROR
1928:rac,ERROR
1928:syr,ERROR
1928:wja,ERROR
1928:mut,ERROR
1928:ecg,ERROR
1928:mil,ERROR
1928:col,ERROR
1928:rch,ERROR
1928:day,Fay Abbott,Sneeze Achiu,Johnnie Becker,Bill Belanich,Earl Britton,Jack Brown,Win Charles,Clair Cook,Ebby DeWeese,Dick Faust,Al Graham,Clarence Graham,Sam Hipa,Mack Hummon,Jack Keefer,Hobby Kinderdine,Carl Mankat,Arthur Matsu,Ed Seibert,Frank Sillin,Jim Spencer,Aubrey Strosnider,Corl Zimmerman
1928:clp,ERROR
1928:chb,ERROR
1928:cht,ERROR
1928:uti,ERROR
1928:ham,ERROR
1928:pul,ERROR
1928:dtm,ERROR
1928:tol,ERROR
1928:hrt,ERROR
1928:cib,ERROR
1928:mck,ERROR
1928:ric,ERROR
1928:kcb,ERROR
1928:whe,ERROR
1928:sen,ERROR
1929:chl,ERROR
1929:ptq,ERROR
1929:chi,Zuck Carlson,Cookie Cunningham,Paddy Driscoll,Shorty Elness,Earl Evans,Bill Fleckenstein,Gardie Grange,Red Grange,Tom Hearden,Walt Holmer,Luke Johnsos,Joe Kopcha,Ojay Larson,Harvey Long,Ralph Maillard,Don Murry,Packie Nelson,Bert Pearson,John Polisky,Ted Richards,Harry Richman,Sod Ryan,Bill Senn,Joey Sternaman,Dick Sturtridge,George Trafton,Laurie Walquist,Buck White
1929:cst,ERROR
1929:fyj,George Barna,Bull Behman,Bill Capps,Rudy Comstock,Wally Diehl,Chief Elkins,John Filak,Ed Halicki,Hal Hanson,Two-Bits Homan,Ted James,Wild Bill Kelly,Marty Kostos,Tony Kostos,Al Maglisceau,Roger Mahoney,Harry Malcolm,Joey Maxwell,Ken Mercer,Arnie Oehlrich,Charley Rogers,Johnny Thompson,George Wilson
1929:ely,ERROR
1929:ken,ERROR
1929:abu,ERROR
1929:log,ERROR
1929:stp,ERROR
1929:gb,ERROR
1929:lab,ERROR
1929:dhr,ERROR
1929:akr,ERROR
1929:prv,Jimmy Conzelman,Bill Cronin,Jack Cronin,Jack Fleischmann,Hec Garvey,Archie Golembeski,Al Hadden,Duke Hanny,Norm Harvey,Perry Jackson,Lou Jennings,Jack McBride,Warren McGuirk,Milt Rehnquist,Orland Smith,Jack Spellman,Hust Stockton,Gibby Welch,Pop Williams,Abe Wilson,Wildcat Wilson
1929:brl,ERROR
1929:ftw,ERROR
1929:tor,Ralph Barkman,Bob Beattie,Heinie Benkert,Bill Clarkin,Ernie Cuneo,Jack Depler,Bob Dwyer,Bill Feaster,Steven Hamas,Ernie Hambacher,Leon Johnson,Tex Kelly,Tom Kerrigan,Frank Kirkleski,Paul Longua,John Lott,Ed Lynch,Jack McArthur,Felix McCormick,Ted Mitchell,George Pease,Andy Salata,Phil Scott,Johnny Tomaini,Charlie Van Horn,Ray Wagner,Carl Waite
1929:bff,Herb Bizer,Walt Brewster,Ulysses Comier,Ed Comstock,Art Dorfman,Frank Glassman,Swede Hagberg,Al Jolley,Bob Mahan,Nat McCombs,Harry Myles,Art Peed,Earl Plank,Bob Rapp,Jess Rodriguez,Stan Rosen,Cassy Ryan,Red Shurtliffe,Tillie Voss,Chuck Weimer,Jim Woodruff
1929:tlm,ERROR
1929:zan,ERROR
1929:ccl,ERROR
1929:oor,ERROR
1929:dpn,ERROR
1929:sis,Frank Briante,John Bunyan,Bob Dunn,Walt Godwin,Hinkey Haines,Paul Kuczo,Tom Leary,Tom Lomasney,Jack Lord,Hersh Martin,Harry McGee,Bing Miller,Louie Pessolano,Mike Riordan,Ollie Satenstein,Jack Shapiro,Dave Skudin,Sammy Stein,Ken Strong,Cy Williams,Ike Williams,Doug Wycoff
1929:sla,ERROR
1929:cbd,ERROR
1929:mun,ERROR
1929:cwp,ERROR
1929:ptb,Joe Carpe,Bill Connor,Jack Ernst,Bill Howell,George Kenneally,Paul Kittredge,Joe Kozlowsky,Tony Latone,Ed Lawrence,Red Maloney,Ralph Marston,Ed McCrillis,Al Miller,Al Pierotti,Frank Racis,Dick Rauch,Roy Scholl,Arnie Shockley,Bert Shurtleff,Hust Stockton,Thurston Towle,Cy Wentworth
1929:rck,ERROR
1929:ari,ERROR
1929:dwl,ERROR
1929:mnn,Joseph Chrape,Hal Erickson,John Fahay,Chief Franta,Frank Gause,Ken Haycraft,Herb Joesting,Fritz Loven,Bob Lundell,LaDue Lurth,Al Maeder,Tony Mehelich,Mally Nydall,Jack O'Brien,Ben Oas,Artie Sandberg,Rube Ursella,Chet Widerquist,Henry Willegale,Lee Wilson,Lloyd Young
1929:nyg,Cliff Ashburn,Glenn Campbell,Les Caywood,Tiny Feather,Ray Flaherty,Benny Friedman,Jack Hagerty,Dosey Howard,Babe Lyon,Danny McMullen,Saul Mielziner,Hap Moran,Lyle Munn,Mickey Murtagh,Bill Owen,Steve Owen,Tony Plansky,Orian Rice,Len Sedbrook,Snitz Snyder,Mule Wilson,Joe Wostoupal
1929:tho,ERROR
1929:ng1,ERROR
1929:dul,ERROR
1929:ton,ERROR
1929:wbu,ERROR
1929:nya,ERROR
1929:wgc,ERROR
1929:gar,ERROR
1929:ros,ERROR
1929:rii,ERROR
1929:ftp,ERROR
1929:mnm,ERROR
1929:cti,ERROR
1929:cnc,ERROR
1929:lan,ERROR
1929:lou,ERROR
1929:kew,ERROR
1929:uap,ERROR
1929:atn,ERROR
1929:dti,ERROR
1929:rac,ERROR
1929:syr,ERROR
1929:wja,ERROR
1929:mut,ERROR
1929:ecg,ERROR
1929:mil,ERROR
1929:col,ERROR
1929:rch,ERROR
1929:day,Fay Abbott,Johnnie Becker,Bill Belanich,John Brewer,Jack Brown,Steve Buchanan,Roy Carlson,John Depner,Pat Duffy,Dick Faust,Harold Fenner,Al Graham,Bob Haas,John Kauffman,Hobby Kinderdine,Carl Mankat,Lou Partlow,Frank Sillin,John Singleton,Jim Spencer,Ed Tolley,Tillie Voss,John Wallace,Elmer Wynne,Corl Zimmerman
1929:clp,ERROR
1929:chb,ERROR
1929:cht,ERROR
1929:uti,ERROR
1929:ham,ERROR
1929:pul,ERROR
1929:dtm,ERROR
1929:tol,ERROR
1929:hrt,ERROR
1929:cib,ERROR
1929:mck,ERROR
1929:ric,ERROR
1929:kcb,ERROR
1929:whe,ERROR
1929:sen,ERROR
1930:chl,ERROR
1930:ptq,ERROR
1930:bkn,Mal Bleecker,Algy Clark,Ed Comstock,Bernie Crowl,Ernie Cuneo,Hec Garvey,Fred Getz,Bob Gillson,Ben Greenberg,Swede Hagberg,Horse Hagerty,Hoot Haines,Al Jolley,Wild Bill Kelly,Matt Kelsh,John Lott,Bob Mahan,Jack McArthur,Jack McBride,Jim Miller,Jim Mooney,Earl Plank,Ev Rowan,Skippy Scheib,Jim Schuber,Hal Stotsbery,Mike Stramiello,Rex Thomas,Stumpy Thomason,Johnny Tomaini,Chuck Weimer,Stu Worden,Izzy Yablok
1930:chi,Stub Blackman,Carl Brumbaugh,Zuck Carlson,Hoot Drury,Bill Fleckenstein,Babe Frump,Gardie Grange,Red Grange,Walt Holmer,Luke Johnsos,Joe Lintzenich,Link Lyman,Danny McMullen,Don Murry,Bronko Nagurski,Dick Nesbitt,Frank Pauly,Bert Pearson,Joe Savoldi,Paul Schuette,Bill Senn,Larry Steinbach,Joey Sternaman,George Trafton,Laurie Walquist
1930:cst,ERROR
1930:fyj,Nate Barragar,Bull Behman,Eddie Bollinger,Bill Capps,Clyde Crabtree,Wally Diehl,Jack Ernst,George Gibson,Royce Goodbread,Ed Halicki,Hal Hanson,Charlie Havens,Two-Bits Homan,Jack Hutton,Herb Joesting,Potsy Jones,Tony Kostos,Harvey Long,Jerry Lunz,Roger Mahoney,Jack McArthur,Mally Nydall,Tony Panaccion,Jim Pederson,Art Pharmer,Ken Provencial,Neil Rengel,Ray Richards,Kelly Rodriguez,Herman Seborg,Johnny Shultz,Gene Smith,Tony Steponovich,Cookie Tackwell,Bob Tanner,Clyde Van Sickle,Eddie Wall,Johnny Ward,Gordon Watkins,Lee Wilson,Ab Wright
1930:ely,ERROR
1930:ken,ERROR
1930:abu,ERROR
1930:log,ERROR
1930:stp,ERROR
1930:gb,ERROR
1930:lab,ERROR
1930:dhr,ERROR
1930:akr,ERROR
1930:prv,Jack Cronin,Jap Douds,Bud Edwards,Herb Eschbach,Weldon Gentry,Al Graham,Al Hadden,Tony Holm,Perry Jackson,Joe Kozlowsky,Ted Kucharski,Tony Latone,Jack McArthur,Warren McGuirk,Butch Meeker,Curly Oden,Frosty Peters,Frank Racis,Milt Rehnquist,Al Rose,Ray Smith,Gus Sonnenberg,Jack Spellman,Dutch Webber,Pop Williams,Herm Young
1930:brl,ERROR
1930:ftw,ERROR
1930:tor,Teddy Andrulewicz,Bob Beattie,Heinie Benkert,George Bogue,Nick Borelli,Peter Bove,Phil Brennan,Frank Briante,Stu Clancy,Bill Connor,Sam Cordovano,Joe Davidson,John Dibb,Bud Ellor,Bill Feaster,Bernie Finn,Paul Frank,Les Grace,Ken Hauser,Bruce Jones,Tom Kerrigan,Frank Kirkleski,John Law,Tom Leary,Paul Liston,Paul Longua,Tony Manfreda,Hersh Martin,Jack McArthur,Felix McCormick,Harry McGee,Ted Mitchell,Jim Mooney,Harry Myles,Andy Salata,Sam Sebo,Don Smith,Red Smith,Jimmy Tays,Johnny Tomaini,Ray Wagner,Carl Waite,Dutch Webber,Ernie Woerner
1930:bff,ERROR
1930:tlm,ERROR
1930:zan,ERROR
1930:ccl,ERROR
1930:oor,ERROR
1930:dpn,ERROR
1930:sis,Julie Archoska,Fred Brown,Ralph Buckley,John Bunyan,John Demmy,Bernie Finn,Jim Fitzgerald,Beryl Follet,Willie Halpern,Wilbur Henry,Harry Kloppenberg,Ed Lawrence,Bob Lundell,Bing Miller,Dave Myers,Jim Nicely,Herb Rapp,Ollie Satenstein,Snitz Snyder,Sammy Stein,Ken Strong,Jimmy Tays,Bill Wexler,Firpo Wilcox,Cy Williams,Mule Wilson,Doug Wycoff
1930:sla,ERROR
1930:det,Walt Ambrose,Chuck Bennett,Chuck Braidwood,Richard Brown,Koester Christensen,Ebby DeWeese,Jap Douds,Byron Eby,Harold Fenner,Bill Fleckenstein,Bill Glassgow,Al Graham,Aaron Grant,Hal Griffen,Duke Hanny,Dud Harris,George Hastings,Lou Jennings,Spider Johnson,Red Joseph,Cy Kahl,Tiny Lewis,Father Lumpkin,Babe Lyon,Emil Mayer,Chief McLain,Ernie Meyer,Ray Novotny,Frosty Peters,Carroll Ringwalt,Fred Roberts,Sod Ryan,Vin Schleusner,Ronald Shearer,Gene Smith,Buck Weaver,Bull Wesley
1930:cbd,ERROR
1930:mun,ERROR
1930:cwp,ERROR
1930:ptb,ERROR
1930:rck,ERROR
1930:ari,ERROR
1930:dwl,ERROR
1930:mnn,Nate Barragar,Bill Capps,Jack Corcoran,Clyde Crabtree,Hal Erickson,Chief Franta,George Gibson,Royce Goodbread,Ed Halicki,Hal Hanson,Ken Haycraft,Murrell Hogue,Herb Joesting,Potsy Jones,Ike Kakela,Tony Kostos,Bob Lundell,Roger Mahoney,Verne Miller,Ted Nemzek,Mally Nydall,Oran Pape,Jim Pederson,Art Pharmer,Kelly Rodriguez,Herman Seborg,Tony Steponovich,Cookie Tackwell,Hal Truesdell,Johnny Ward,Gordon Watkins,Lee Wilson,Lloyd Young
1930:nyg,Red Badgro,Dale Burnett,Chris Cagle,Glenn Campbell,Les Caywood,Rudy Comstock,Tiny Feather,Benny Friedman,Butch Gibson,Len Grant,Jack Hagerty,Hal Hilpert,Dosey Howard,Saul Mielziner,Hap Moran,Mickey Murtagh,Bill Owen,Steve Owen,Len Sedbrook,Dick Stahlman,Ossie Wiberg,Mule Wilson,Joe Wostoupal
1930:tho,ERROR
1930:ng1,ERROR
1930:dul,ERROR
1930:ton,ERROR
1930:wbu,ERROR
1930:nya,ERROR
1930:wgc,ERROR
1930:gar,ERROR
1930:ros,ERROR
1930:rii,ERROR
1930:ftp,ERROR
1930:mnm,ERROR
1930:cti,ERROR
1930:cnc,ERROR
1930:lan,ERROR
1930:lou,ERROR
1930:kew,ERROR
1930:uap,ERROR
1930:atn,ERROR
1930:dti,ERROR
1930:rac,ERROR
1930:syr,ERROR
1930:wja,ERROR
1930:mut,ERROR
1930:ecg,ERROR
1930:mil,ERROR
1930:col,ERROR
1930:rch,ERROR
1930:day,ERROR
1930:clp,ERROR
1930:chb,ERROR
1930:cht,ERROR
1930:uti,ERROR
1930:ham,ERROR
1930:pul,ERROR
1930:dtm,ERROR
1930:tol,ERROR
1930:hrt,ERROR
1930:cib,ERROR
1930:mck,ERROR
1930:ric,ERROR
1930:kcb,ERROR
1930:whe,ERROR
1930:sen,ERROR
1931:chl,ERROR
1931:ptq,ERROR
1931:bkn,Frank Abruzzino,Marger Apsit,Art Bultman,Tommy Dowler,Bill Fleckenstein,Ted Fulton,Bob Gillson,Lou Gordon,Hoot Haines,Swede Hanson,Marvin Jonas,Frank Kirkleski,Harry Kloppenberg,Lou Lubratovich,Jack McBride,Saul Mielziner,Warner Mizell,Jim Mooney,Dave Myers,Jerry Nemecek,Dick O'Donnell,Claude Perry,Frosty Peters,Ken Radick,Johnny Scalzi,Bill Senn,Mike Stramiello,Rex Thomas,Stumpy Thomason,Johnny Tomaini,Joe Vance,Ray Wagner,Gordon Watkins,Izzy Yablok
1931:chi,Carl Brumbaugh,Bill Buckler,Lloyd Burdick,Zuck Carlson,Hoot Drury,Bud Edwards,Latham Flanagan,Paul Franklin,Gardie Grange,Red Grange,Jesse Hibbs,Leo Jensvold,Herb Joesting,Luke Johnsos,Eddie Kawal,Joe Lintzenich,Link Lyman,Babe Lyon,Gus Mastrogany,Danny McMullen,Keith Molesworth,Don Murry,Denny Myers,Bronko Nagurski,Dick Nesbitt,Bert Pearson,Paul Schuette,Bill Senn,Larry Steinbach,Cookie Tackwell,George Trafton,Laurie Walquist
1931:cst,ERROR
1931:fyj,Marger Apsit,Nate Barragar,Bull Behman,Justin Brumbaugh,Bill Fleckenstein,Herb Joesting,Potsy Jones,Mort Kaer,Art Koeninger,Tony Kostos,Tom Leary,Mickey MacDonnell,James Magner,Warner Mizell,Mally Nydall,Jim Pederson,Art Pharmer,Frank Racis,Carroll Ringwalt,Herman Seborg,Cookie Tackwell,Lee Wilson
1931:ely,ERROR
1931:ken,ERROR
1931:abu,ERROR
1931:log,ERROR
1931:stp,ERROR
1931:gb,ERROR
1931:lab,ERROR
1931:dhr,ERROR
1931:akr,ERROR
1931:prv,Sky August,Fred DaGata,Bud Edwards,Herb Eschbach,Weldon Gentry,Royce Goodbread,Al Graham,Tex Irvin,Jack McArthur,Butch Meeker,Curly Oden,Oran Pape,Lew Pope,George Pyne,Milt Rehnquist,Al Rose,Joe Schein,Deck Shelley,Ray Smith,Alec Sofish,Jack Spellman,Herb Titmas,Pop Williams,Lee Woodruff
1931:brl,ERROR
1931:ftw,ERROR
1931:tor,ERROR
1931:bff,ERROR
1931:tlm,ERROR
1931:zan,ERROR
1931:ccl,ERROR
1931:oor,ERROR
1931:dpn,ERROR
1931:sis,Bullet Baker,Bob Barrabee,Stu Clancy,Ed Comstock,Irv Constantine,Cookie Cunningham,John Demmy,Tiny Feather,Jim Fitzgerald,Beryl Follet,Hec Garvey,Hinkey Haines,Hoot Haines,Les Hart,Al Kanya,Jim Laird,Charley Marshall,Chief McLain,Bing Miller,Henry Obst,Doc Parkinson,Herb Rapp,Ollie Satenstein,Ken Strong,Erk Taylor,Izzy Yablok
1931:sla,ERROR
1931:det,Gene Alford,Bob Armstrong,Chuck Bennett,Maury Bodenger,John Cavosie,George Christensen,Dutch Clark,Jap Douds,Harry Ebding,Ox Emerson,George Hastings,Tony Holm,Cy Kahl,Biff Lee,Louie Long,Father Lumpkin,Bill McKalip,Chief McLain,Dutch Miller,Buster Mitchell,Les Peterson,Glenn Presnell,Clare Randolph,Fred Roberts,Vin Schleusner,Elmer Schwartz,Deck Shelley,Stud Stennett,John Wager,Dale Waters
1931:cbd,ERROR
1931:mun,ERROR
1931:cwp,ERROR
1931:cli,Chuck Braidwood,Algy Clark,Al Cornsweet,Hank Critchfield,David Cullen,Fred Danziger,Doc Elliott,Mike Gregory,Hoot Herrin,John Hurley,Merle Hutson,Leo Jensvold,Ernie Jessen,Al Jolley,Red Joseph,Howie Kriss,Buck Lamme,Biff Lee,Franklin Lewis,Tiny Lewis,Babe Lyon,Stu MacMillan,Dave Mishel,George Munday,Al Nesser,Ray Novotny,Carl Pignatelli,Don Ridler,Jim Tarr,Otto Vokaty,Dale Waters,Chuck Weimer,Drip Wilson,Hoge Workman
1931:ptb,ERROR
1931:rck,ERROR
1931:ari,ERROR
1931:dwl,ERROR
1931:mnn,ERROR
1931:nyg,Corrie Artman,Red Badgro,Marion Broadstone,Ted Bucklin,Dale Burnett,Chris Cagle,Glenn Campbell,Les Caywood,Tiny Feather,Ray Flaherty,Mack Flenniken,Benny Friedman,Butch Gibson,Len Grant,Mel Hein,Dutch Kitzmiller,Hap Moran,George Munday,Mickey Murtagh,Bill Owen,Steve Owen,Milt Rehnquist,Harvey Sark,Ray Schwab,Len Sedbrook,Red Smith,Sammy Stein,Doug Wycoff
1931:tho,ERROR
1931:ng1,ERROR
1931:dul,ERROR
1931:ton,ERROR
1931:wbu,ERROR
1931:nya,ERROR
1931:wgc,ERROR
1931:gar,ERROR
1931:ros,ERROR
1931:rii,ERROR
1931:ftp,ERROR
1931:mnm,ERROR
1931:cti,ERROR
1931:cnc,ERROR
1931:lan,ERROR
1931:lou,ERROR
1931:kew,ERROR
1931:uap,ERROR
1931:atn,ERROR
1931:dti,ERROR
1931:rac,ERROR
1931:syr,ERROR
1931:wja,ERROR
1931:mut,ERROR
1931:ecg,ERROR
1931:mil,ERROR
1931:col,ERROR
1931:rch,ERROR
1931:day,ERROR
1931:clp,ERROR
1931:chb,ERROR
1931:cht,ERROR
1931:uti,ERROR
1931:ham,ERROR
1931:pul,ERROR
1931:dtm,ERROR
1931:tol,ERROR
1931:hrt,ERROR
1931:cib,ERROR
1931:mck,ERROR
1931:ric,ERROR
1931:kcb,ERROR
1931:whe,ERROR
1931:sen,ERROR
1932:chl,ERROR
1932:ptq,ERROR
1932:bkn,John Ambrose,Jim Bowdoin,John Bunyan,Les Caywood,Jerry Cronin,Jess Eberdt,Harold Ely,Benny Friedman,Ted Fulton,Donn Greenshields,Jack Grossman,Buck Halperin,Herman Hickman,Bruce Jones,Bull Karcis,Lou Lubratovich,Babe Lyon,Jack McBride,Frank McNeil,Saul Mielziner,Ray Novotny,Bill Raffel,Paul Riblett,Ev Rowan,Ollie Sansen,Sammy Stein,Mike Stramiello,Stumpy Thomason,Bud Toscani,Ossie Wiberg,Cy Williams,Pop Williams,Stu Worden
1932:chi,Gil Bergerson,Carl Brumbaugh,Bill Buckler,Lloyd Burdick,Zuck Carlson,George Corbett,Al Culver,John Doehring,Harold Ely,Tiny Engebretsen,Paul Franklin,Red Grange,Bill Hewitt,Herb Joesting,Luke Johnsos,Joe Kopcha,Bernie Leahy,Ookie Miller,Keith Molesworth,Al Moore,Don Murry,Bronko Nagurski,Dick Nesbitt,Bert Pearson,Jim Pederson,Paul Schuette,Johnny Sisk,Cookie Tackwell,George Trafton
1932:cst,ERROR
1932:fyj,ERROR
1932:ely,ERROR
1932:ken,ERROR
1932:abu,ERROR
1932:log,ERROR
1932:stp,ERROR
1932:gb,ERROR
1932:lab,ERROR
1932:dhr,ERROR
1932:akr,ERROR
1932:prv,ERROR
1932:brl,ERROR
1932:ftw,ERROR
1932:tor,ERROR
1932:bff,ERROR
1932:tlm,ERROR
1932:zan,ERROR
1932:ccl,ERROR
1932:oor,ERROR
1932:dpn,ERROR
1932:sis,John Bunyan,Bob Campiglio,Stu Clancy,Rick Concannon,George Demas,Bernie Finn,Dick Frahm,Harry Fry,Rosie Grant,Swede Hanson,Grassy Hinton,Marne Intrieri,Jim Kamp,Al Kanya,Art Koeninger,Doc Ledbetter,Charley Marshall,Les Maynard,Harry McGee,Jack Norris,Oran Pape,Les Peterson,Leo Raskowski,Vic Reuter,Jack Roberts,Ollie Satenstein,Art Schiebel,Ray Schwab,Mike Stramiello,Ken Strong,Al Teeter,Basil Wilkerson,Stu Wilson,Doug Wycoff
1932:sla,ERROR
1932:det,Gene Alford,Bob Armstrong,Maury Bodenger,John Cavosie,George Christensen,Dutch Clark,Ray Davis,Harry Ebding,Ox Emerson,Hal Griffen,Ace Gutowsky,Father Lumpkin,Bill McKalip,Danny McMullen,Buster Mitchell,Glenn Presnell,Clare Randolph,Am Rascher,Dave Ribble,Fred Roberts,John Wager,Mule Wilson
1932:cbd,ERROR
1932:mun,ERROR
1932:cwp,ERROR
1932:cli,ERROR
1932:ptb,ERROR
1932:rck,ERROR
1932:ari,ERROR
1932:dwl,ERROR
1932:mnn,ERROR
1932:nyg,Red Badgro,Jim Bowdoin,Dale Burnett,Chris Cagle,Glenn Campbell,Les Caywood,Stu Clancy,Maury Dubofsky,Tiny Feather,Ray Flaherty,Butch Gibson,Len Grant,Jack Hagerty,Mel Hein,Tex Irvin,Potsy Jones,Shipwreck Kelly,Jack McBride,Bo Molenda,Hap Moran,Lee Mulleneaux,George Munday,Mickey Murtagh,Bill Owen,Dick Powell,Otto Vokaty,Hoge Workman
1932:tho,ERROR
1932:ng1,ERROR
1932:dul,ERROR
1932:ton,ERROR
1932:wbu,ERROR
1932:nya,ERROR
1932:wgc,ERROR
1932:gar,ERROR
1932:ros,ERROR
1932:wsh,ERROR
1932:rii,ERROR
1932:ftp,ERROR
1932:mnm,ERROR
1932:cti,ERROR
1932:cnc,ERROR
1932:lan,ERROR
1932:lou,ERROR
1932:kew,ERROR
1932:uap,ERROR
1932:atn,ERROR
1932:dti,ERROR
1932:rac,ERROR
1932:syr,ERROR
1932:wja,ERROR
1932:mut,ERROR
1932:ecg,ERROR
1932:mil,ERROR
1932:col,ERROR
1932:rch,ERROR
1932:day,ERROR
1932:clp,ERROR
1932:chb,ERROR
1932:cht,ERROR
1932:uti,ERROR
1932:ham,ERROR
1932:pul,ERROR
1932:dtm,ERROR
1932:tol,ERROR
1932:hrt,ERROR
1932:cib,ERROR
1932:mck,ERROR
1932:ric,ERROR
1932:kcb,ERROR
1932:whe,ERROR
1932:sen,ERROR
1933:ptq,ERROR
1933:stp,ERROR
1933:akr,ERROR
1933:tor,ERROR
1933:det,Gene Alford,Maury Bodenger,Ben Boswell,Jim Bowdoin,John Burleson,Ernie Caddel,John Cavosie,George Christensen,Ray Davis,Red Davis,Harry Ebding,Earl Elser,Ox Emerson,Ace Gutowsky,Ramey Hunter,Father Lumpkin,Buster Mitchell,Glenn Presnell,Clare Randolph,Elmer Schaake,John Schneller,Harry Thayer,John Wager,Mule Wilson
1933:dpn,ERROR
1933:ptb,ERROR
1933:nyg,Red Badgro,Dale Burnett,Glenn Campbell,John Cannella,Stu Clancy,Tiny Feather,Ray Flaherty,Butch Gibson,Len Grant,Mel Hein,Tex Irvin,Potsy Jones,Max Krause,Dick Marsh,Jack McBride,Bo Molenda,Hap Moran,Bill Morgan,Harry Newman,Bill Owen,Steve Owen,Hank Reese,Kink Richards,Tony Rovinski,Reb Russell,Ollie Satenstein,Ken Strong,Joe Zapustas,Jim Zyntell
1933:dul,ERROR
1933:wbu,ERROR
1933:red,Frank Abruzzino,Jim Bausch,Mil Berner,Tom Blondin,Chuck Braidwood,Lloyd Burdick,John Burleson,Les Caywood,Algy Clark,Red Corzine,Joe Crakes,Sonny Doell,Leo Draveling,Chief Elkins,Rosie Grant,Hal Hilpert,Biff Lee,Gil LeFebvre,Jim Mooney,Don Moses,Lee Mulleneaux,George Munday,Mike Palm,Lew Pope,Dick Powell,John Rogers,Kermit Schmidt,Bill Senn,Seaman Squyres,Cookie Tackwell,Ossie Wiberg,Blake Workman
1933:cti,ERROR
1933:mil,ERROR
1933:tol,ERROR
1933:whe,ERROR
1933:bkn,Chris Cagle,George Chalmers,Ben Douglas,Harold Ely,Dick Fishel,Benny Friedman,Donn Greenshields,Herman Hickman,Bruce Jones,Bull Karcis,Shipwreck Kelly,Harry Kloppenberg,Lou Lubratovich,John Lyons,Saul Mielziner,Doc Morrison,Tom Nash,Les Peterson,Leo Raskowski,Van Rayburn,Hugh Rhea,Paul Riblett,Dick Richards,Ollie Sansen,Stumpy Thomason,Stu Worden,Ralph Wright
1933:ken,ERROR
1933:log,ERROR
1933:gb,ERROR
1933:dhr,ERROR
1933:prv,ERROR
1933:brl,ERROR
1933:pit,Corrie Artman,Angelo Brovelli,John Burleson,James Clark,Sam Cooper,Larry Critchfield,Ted Dailey,Nick DeCarbo,Jap Douds,Tiny Engebretsen,Tony Holm,Walt Holmer,Frank Hood,Clarence Janecek,Mose Kelsch,Ray Kemp,Marty Kottler,Mose Lantz,Jim Letsinger,Bucky Moore,Paul Moss,Cap Oehler,Jess Quatse,Leo Raskowski,Don Rhodes,Gil Robinson,Elmer Schwartz,George Shaffer,Bill Sortet,Bill Tanguay,Ray Tesser,Harp Vaughan,Ed Westfall,Tommy Whelan
1933:bff,ERROR
1933:mun,ERROR
1933:cwp,ERROR
1933:ari,ERROR
1933:tho,ERROR
1933:ton,ERROR
1933:wsh,ERROR
1933:gar,ERROR
1933:cnc,ERROR
1933:lou,ERROR
1933:ecg,ERROR
1933:col,ERROR
1933:dtm,ERROR
1933:chb,ERROR
1933:ham,ERROR
1933:ric,ERROR
1933:chl,ERROR
1933:chi,Gil Bergerson,Carl Brumbaugh,Bill Buckler,Zuck Carlson,George Corbett,John Doehring,Paul Franklin,Red Grange,Bill Hewitt,Luke Johnsos,Bill Karr,Joe Kopcha,Link Lyman,Jack Manders,Ookie Miller,Keith Molesworth,George Musso,Bronko Nagurski,Dick Nesbitt,Bert Pearson,Ray Richards,Gene Ronzani,Johnny Sisk,Dick Smith,Dick Stahlman,Cookie Tackwell,Joe Zeller
1933:cst,ERROR
1933:phi,Howie Auer,Joe Carpe,Joe Carter,Paul Cuba,Red Davis,Nip Felber,Dick Fencl,Bob Gonya,Swede Hanson,George Kenneally,Red Kirkman,Art Koeninger,Joe Kresky,Rick Lackman,Porter Lainhart,Milton Leathers,Roy Lechthaler,Tex Leyendecker,John Lipski,Harry O'Boyle,Henry Obst,Nick Prisco,Jack Roberts,Ev Rowan,Reb Russell,Dick Smith,Ray Smith,Larry Steinbach,Dick Thornton,Guy Turnbow,Jodie Whire,Diddie Willson,Lee Woodruff,Jim Zyntell
1933:ftw,ERROR
1933:zan,ERROR
1933:sis,ERROR
1933:sla,ERROR
1933:ng1,ERROR
1933:nya,ERROR
1933:wgc,ERROR
1933:ftp,ERROR
1933:mnm,ERROR
1933:lan,ERROR
1933:uap,ERROR
1933:atn,ERROR
1933:wja,ERROR
1933:mut,ERROR
1933:day,ERROR
1933:uti,ERROR
1933:pul,ERROR
1933:sen,ERROR
1933:fyj,ERROR
1933:ely,ERROR
1933:cli,ERROR
1933:abu,ERROR
1933:lab,ERROR
1933:tlm,ERROR
1933:oor,ERROR
1933:ccl,ERROR
1933:cbd,ERROR
1933:rck,ERROR
1933:dwl,ERROR
1933:mnn,ERROR
1933:ros,ERROR
1933:rii,ERROR
1933:rac,ERROR
1933:dti,ERROR
1933:kew,ERROR
1933:syr,ERROR
1933:rch,ERROR
1933:clp,ERROR
1933:cib,ERROR
1933:cht,ERROR
1933:hrt,ERROR
1933:mck,ERROR
1933:kcb,ERROR
1934:ptq,ERROR
1934:stp,ERROR
1934:akr,ERROR
1934:tor,ERROR
1934:det,Chuck Bernard,Maury Bodenger,Ernie Caddel,Frank Christensen,George Christensen,Dutch Clark,Harry Ebding,Bob Emerick,Ox Emerson,Ace Gutowsky,Curly Hinchman,Tom Hupke,Jack Johnson,Sam Knox,Russ Lay,Father Lumpkin,Bill McKalip,Bill McWilliams,Buster Mitchell,Glenn Presnell,Clare Randolph,Ray Richards,Bob Rowe,John Schneller
1934:dpn,ERROR
1934:ptb,ERROR
1934:nyg,Red Badgro,Bob Bellinger,Knuckles Boyle,Dale Burnett,John Cannella,Stu Clancy,Ed Danowski,Johnny Dell Isola,Ray Flaherty,Ike Frankian,Butch Gibson,Len Grant,Mel Hein,Tex Irvin,Potsy Jones,Max Krause,Jack McBride,Bo Molenda,Bill Morgan,Harry Newman,John Norby,Bill Owen,Hank Reese,Kink Richards,Babe Scheuer,Wee Willie Smith,Harry Stafford,Ken Strong
1934:dul,ERROR
1934:wbu,ERROR
1934:red,Gene Alford,Gump Ariail,Ed Aspatore,Tom Bushby,Les Caywood,Algy Clark,Red Corzine,Earl Elser,Tiny Feather,Rosie Grant,Homer Hanson,Foster Howell,Russ Lay,Biff Lee,Gil LeFebvre,Bill Lewis,Tal Maples,Jim Mooney,Cliff Moore,Buster Mott,Lee Mulleneaux,George Munday,Bill Parriott,Lew Pope,Fred Ratterman,John Rogers,Harvey Sark,Pete Saumer,Benny Sohn,Norris Steverson,Cookie Tackwell,Otto Vokaty,Basil Wilkerson,Cole Willging,Charlie Zunker
1934:cti,ERROR
1934:mil,ERROR
1934:tol,ERROR
1934:whe,ERROR
1934:bkn,Gump Ariail,Wayland Becker,Jim Bowdoin,Chuck Brodnicki,Chris Cagle,Doc Cronkhite,George Demas,Harold Ely,Tiny Engebretsen,Benny Friedman,Jack Grossman,Herman Hickman,Joe Hugret,Bruce Jones,Bull Karcis,Shipwreck Kelly,Ralph Kercheval,Harry Kloppenberg,Lou Lubratovich,Saul Mielziner,Cliff Montgomery,Doc Morrison,Tom Nash,Dick Nesbitt,Phil Peterson,Paul Riblett,Ollie Sansen,Tony Siano,Mike Stramiello,Stumpy Thomason,Stu Worden
1934:ken,ERROR
1934:log,ERROR
1934:gb,ERROR
1934:dhr,ERROR
1934:prv,ERROR
1934:brl,ERROR
1934:pit,Johnny Blood,Angelo Brovelli,Ben Ciccone,James Clark,Jack Dempsey,Jap Douds,Norm Greeney,Warren Heller,George Kavel,Mose Kelsch,Zvonimir Kvaternik,Jim Levey,Basilio Marchi,Harry Marker,Buster Mott,Armand Niccolai,Cap Oehler,Bill Potts,Jess Quatse,Alex Rado,Peter Rajkovich,Dave Ribble,Jack Roberts,Pete Saumer,Joe Skladany,Ben Smith,Bull Snyder,Bill Sortet,Ray Tesser,Harp Vaughan,Henry Weinberg,Silvio Zaninelli
1934:bff,ERROR
1934:mun,ERROR
1934:cwp,ERROR
1934:ari,ERROR
1934:tho,ERROR
1934:ton,ERROR
1934:gun,Gene Alford,Jaby Andrews,Cy Casper,Red Corzine,Charlie Diehl,Earl Elser,Mack Gladden,Swede Johnston,Bennie LaPresta,Russ Lay,Babe Lyon,Len McGirl,Charlie McLaughlin,Russ McLeod,Bill Montgomery,Paul Moss,Lee Mulleneaux,George Munday,John Norby,Manny Rapp,Homer Reynolds,George Rogge,Sandy Sandberg,Bill Senn,Harold Weldin,Blake Workman
1934:wsh,ERROR
1934:gar,ERROR
1934:cnc,ERROR
1934:lou,ERROR
1934:ecg,ERROR
1934:col,ERROR
1934:dtm,ERROR
1934:chb,ERROR
1934:ham,ERROR
1934:ric,ERROR
1934:chl,ERROR
1934:chi,Wayland Becker,Carl Brumbaugh,Art Buss,Zuck Carlson,George Corbett,John Doehring,Beattie Feathers,Red Grange,Bill Hewitt,Luke Johnsos,Bill Karr,Eddie Kawal,Walt Kiesling,Joe Kopcha,Link Lyman,Jack Manders,Bernie Masterson,Ookie Miller,Keith Molesworth,George Musso,Bronko Nagurski,Bert Pearson,Gene Ronzani,Ted Rosequist,Johnny Sisk,Joe Zeller,Vince Zizak
1934:cst,ERROR
1934:phi,Dan Barnhart,Joe Carter,Algy Clark,Paul Cuba,Jack Dempsey,Swede Ellstrom,Bob Gonya,Len Gudd,Chuck Hajek,Swede Hanson,Lorne Johnson,George Kavel,George Kenneally,Red Kirkman,Jack Knapper,Joe Kresky,Rick Lackman,Jim Leonard,John Lipski,Jim MacMurdo,Ed Matesic,Barnes Milam,John Norby,Joe Pilconis,Phil Poth,Jack Roberts,Ed Storm,Guy Turnbow,Reds Weiner,Diddie Willson,Vince Zizak,Jim Zyntell
1934:ftw,ERROR
1934:zan,ERROR
1934:sis,ERROR
1934:sla,ERROR
1934:ng1,ERROR
1934:nya,ERROR
1934:wgc,ERROR
1934:ftp,ERROR
1934:mnm,ERROR
1934:lan,ERROR
1934:uap,ERROR
1934:atn,ERROR
1934:wja,ERROR
1934:mut,ERROR
1934:day,ERROR
1934:uti,ERROR
1934:pul,ERROR
1934:sen,ERROR
1934:fyj,ERROR
1934:ely,ERROR
1934:cli,ERROR
1934:abu,ERROR
1934:lab,ERROR
1934:tlm,ERROR
1934:oor,ERROR
1934:ccl,ERROR
1934:cbd,ERROR
1934:rck,ERROR
1934:dwl,ERROR
1934:mnn,ERROR
1934:ros,ERROR
1934:rii,ERROR
1934:rac,ERROR
1934:dti,ERROR
1934:kew,ERROR
1934:syr,ERROR
1934:rch,ERROR
1934:clp,ERROR
1934:cib,ERROR
1934:cht,ERROR
1934:hrt,ERROR
1934:mck,ERROR
1934:kcb,ERROR
1935:ptq,ERROR
1935:stp,ERROR
1935:akr,ERROR
1935:tor,ERROR
1935:det,Steve Banas,Ernie Caddel,Frank Christensen,George Christensen,Dutch Clark,Harry Ebding,Ox Emerson,Roy Gagnon,Ace Gutowsky,Tom Hupke,Jack Johnson,Tony Kaska,Ed Klewicki,Sam Knox,Gil LeFebvre,Buster Mitchell,Regis Monahan,Butch Morse,Doug Nott,Bill O'Neill,Buddy Parker,Glenn Presnell,Clare Randolph,Aldo Richins,John Schneller,Bill Shepherd,Red Stacy,Jim Steen,Pug Vaughan,Elmer Ward
1935:dpn,ERROR
1935:ptb,ERROR
1935:nyg,Red Badgro,Bob Bellinger,Les Borden,Dale Burnett,Stu Clancy,Red Corzine,Ed Danowski,Johnny Dell Isola,Ray Flaherty,Ike Frankian,Tod Goodwin,Len Grant,Mel Hein,Tex Irvin,Potsy Jones,Bernie Kaplan,Max Krause,Johnny Mackorell,Buster Mitchell,Bo Molenda,Bill Morgan,Harry Newman,Bill Owen,Jess Quatse,Kink Richards,Tony Sarausky,Lee Shaffer,Walt Singer,Ken Strong
1935:dul,ERROR
1935:wbu,ERROR
1935:red,ERROR
1935:cti,ERROR
1935:mil,ERROR
1935:tol,ERROR
1935:whe,ERROR
1935:bkn,Wayland Becker,Gil Bergerson,Win Croft,Alex Eagle,Red Franklin,Ray Fuqua,Jack Grossman,Henry Hayduk,Carl Heldt,Jay Hornbeak,Bud Hubbard,Bull Karcis,Ralph Kercheval,Bo Kirkland,Stan Kostka,Bill Lee,Lou Lubratovich,Father Lumpkin,Walt McDonald,John Norby,Cap Oehler,Paul Riblett,Jack Robinson,Ollie Sansen,Frank Stojack,Stumpy Thomason,Wilbur White,Ted Wright
1935:ken,ERROR
1935:log,ERROR
1935:gb,ERROR
1935:dhr,ERROR
1935:prv,ERROR
1935:brl,ERROR
1935:pit,Al Arndt,Gene Augusterfer,Maury Bray,Glenn Campbell,Cy Casper,Ben Ciccone,Thomas Cosgrove,John Doehring,Cliff Dolaway,Swede Ellstrom,Johnny Gildea,Norm Greeney,Henry Hayduk,Warren Heller,Bob Hoel,Joe Kresky,Jim Levey,Joe Malkovich,Lee Mulleneaux,Armand Niccolai,Mike Nixon,Stan Olejniczak,Swede Pittman,George Rado,Dave Ribble,Sandy Sandberg,Mike Sebastian,Ed Skoronski,Ben Smith,Bull Snyder,Bill Sortet,Art Strutt,John Turley,Vic Vidoni,Heinie Weisenbaugh,Buzz Wetzel,Joe Wiehl,Silvio Zaninelli
1935:bff,ERROR
1935:mun,ERROR
1935:cwp,ERROR
1935:ari,ERROR
1935:tho,ERROR
1935:ton,ERROR
1935:gun,ERROR
1935:wsh,ERROR
1935:gar,ERROR
1935:cnc,ERROR
1935:lou,ERROR
1935:ecg,ERROR
1935:col,ERROR
1935:dtm,ERROR
1935:chb,ERROR
1935:ham,ERROR
1935:ric,ERROR
1935:chl,ERROR
1935:chi,Art Buss,Zuck Carlson,George Corbett,Fred Crawford,Bob Dunlap,Beattie Feathers,George Grosvenor,Bill Hewitt,Luke Johnsos,Bill Karr,Eddie Kawal,Joe Kopcha,Jack Manders,Bernie Masterson,Forrest McPherson,Dub Miller,Ookie Miller,Keith Molesworth,George Musso,Bronko Nagurski,Red Pollock,Ray Richards,Gene Ronzani,Ted Rosequist,Johnny Sisk,Frank Sullivan,Milt Trost,Buzz Wetzel,Joe Zeller
1935:cst,ERROR
1935:phi,Howard Bailey,Steve Banas,Harry Benson,Bill Brian,Tom Bushby,Glenn Campbell,Joe Carter,Paul Cuba,Dick Frahm,Tom Graham,Homer Hanson,Swede Hanson,Bud Jorgensen,George Kenneally,Red Kirkman,Joe Kresky,Irv Kupcinet,Rick Lackman,Jim Leonard,Jim MacMurdo,Eggs Manske,Ed Matesic,Forrest McPherson,Max Padlow,Alabama Pitts,Leo Raskowski,Hank Reese,Burle Robison,Bob Rowe,Mike Sebastian,Harry Shaub,Ed Storm,Stumpy Thomason,Izzy Weinstock,Clyde Williams,Diddie Willson,Vince Zizak,Jim Zyntell
1935:ftw,ERROR
1935:zan,ERROR
1935:sis,ERROR
1935:sla,ERROR
1935:ng1,ERROR
1935:nya,ERROR
1935:wgc,ERROR
1935:ftp,ERROR
1935:mnm,ERROR
1935:lan,ERROR
1935:uap,ERROR
1935:atn,ERROR
1935:wja,ERROR
1935:mut,ERROR
1935:day,ERROR
1935:uti,ERROR
1935:pul,ERROR
1935:sen,ERROR
1935:fyj,ERROR
1935:ely,ERROR
1935:cli,ERROR
1935:abu,ERROR
1935:lab,ERROR
1935:tlm,ERROR
1935:oor,ERROR
1935:ccl,ERROR
1935:cbd,ERROR
1935:rck,ERROR
1935:dwl,ERROR
1935:mnn,ERROR
1935:ros,ERROR
1935:rii,ERROR
1935:rac,ERROR
1935:dti,ERROR
1935:kew,ERROR
1935:syr,ERROR
1935:rch,ERROR
1935:clp,ERROR
1935:cib,ERROR
1935:cht,ERROR
1935:hrt,ERROR
1935:mck,ERROR
1935:kcb,ERROR
1936:ptq,ERROR
1936:stp,ERROR
1936:akr,ERROR
1936:tor,ERROR
1936:det,Ernie Caddel,Frank Christensen,George Christensen,Dutch Clark,Harry Ebding,Ox Emerson,Ace Gutowsky,Tom Hupke,Jack Johnson,Ed Klewicki,Sam Knox,Joe Kopcha,Bill McKalip,Regis Monahan,Butch Morse,Buddy Parker,Ike Peterson,Glenn Presnell,Clare Randolph,Del Ritchhart,John Schneller,Bill Shepherd,Red Stacy,Jim Steen,Sid Wagner,Wilbur White
1936:dpn,ERROR
1936:ptb,ERROR
1936:nyg,Winnie Anderson,Dale Burnett,Red Corzine,Ed Danowski,Gaines Davis,Johnny Dell Isola,Len Dugan,Bob Dunlap,Tod Goodwin,Len Grant,Jack Haden,Mel Hein,Cal Hubbard,Larry Johnson,Potsy Jones,Bernie Kaplan,Max Krause,Tuffy Leemans,Art Lewis,Tillie Manton,Buster Mitchell,Bill Morgan,Bill Owen,Ewell Phillips,Kink Richards,Gene Rose,Tony Sarausky,Lee Shaffer,Walt Singer,Bob Tarrant
1936:dul,ERROR
1936:wbu,ERROR
1936:red,ERROR
1936:cti,ERROR
1936:mil,ERROR
1936:tol,ERROR
1936:whe,ERROR
1936:bkn,Red Badgro,Jeff Barrett,Gil Bergerson,Johnny Biancone,Verdi Boyer,Dave Cook,Dick Crayne,Red Franklin,Ray Fuqua,Jim Hartman,Carl Heldt,Wagner Jorgensen,Tony Kaska,Ralph Kercheval,Bo Kirkland,Henry Krause,Bill Lee,Father Lumpkin,Joe Maniaci,Cap Oehler,Paul Riblett,Jack Robinson,Justin Rukas,Phil Sarboe,Frank Stojack,Mark Temple,Jim Whatley,Bobby Wilson,John Yezerski
1936:ken,ERROR
1936:log,ERROR
1936:gb,ERROR
1936:dhr,ERROR
1936:prv,ERROR
1936:brl,ERROR
1936:pit,Maury Bray,Jeep Brett,Win Croft,Max Fiske,Johnny Gildea,Warren Heller,Cal Hubbard,George Kakasic,Bull Karcis,Ed Karpowich,Bill Lajousky,Jim Levey,Ed Matesic,Lindy Mayhew,Jim McDonald,Lee Mulleneaux,Armand Niccolai,Buster Raborn,George Rado,Sandy Sandberg,Dick Sandefur,Vinnie Sites,Ed Skoronski,Bill Sortet,Art Strutt,John Turley,Vic Vidoni,Silvio Zaninelli
1936:bff,ERROR
1936:mun,ERROR
1936:cwp,ERROR
1936:ari,ERROR
1936:tho,ERROR
1936:ton,ERROR
1936:gun,ERROR
1936:wsh,ERROR
1936:gar,ERROR
1936:cnc,ERROR
1936:lou,ERROR
1936:ecg,ERROR
1936:col,ERROR
1936:dtm,ERROR
1936:chb,ERROR
1936:ham,ERROR
1936:ric,ERROR
1936:chl,ERROR
1936:chi,Bob Allman,Carl Brumbaugh,Zuck Carlson,George Corbett,John Doehring,Beattie Feathers,Danny Fortmann,George Grosvenor,Bill Hewitt,Luke Johnsos,Bill Karr,Eddie Kawal,Jack Manders,Bernie Masterson,Eddie Michaels,Ookie Miller,Keith Molesworth,George Musso,Bronko Nagurski,Ray Nolting,Verne Oech,Red Pollock,Ray Richards,Gene Ronzani,Ted Rosequist,Johnny Sisk,Joe Stydahar,Frank Sullivan,Russ Thompson,Milt Trost,Joe Zeller
1936:cst,ERROR
1936:phi,Reds Bassman,Bill Brian,Art Buss,Joe Carter,Glenn Frey,Rudy Gollomb,Swede Hanson,Don Jackson,Carl Kane,John Kusko,Jim Leonard,Jim MacMurdo,Eggs Manske,Walt Masters,Forrest McPherson,George Mulligan,Max Padlow,Joe Pilconis,Joe Pivarnik,Hank Reese,Jim Russell,Dave Smukler,Pete Stevens,Stumpy Thomason,Vince Zizak
1936:ftw,ERROR
1936:zan,ERROR
1936:sis,ERROR
1936:sla,ERROR
1936:ng1,ERROR
1936:nya,ERROR
1936:wgc,ERROR
1936:ftp,ERROR
1936:mnm,ERROR
1936:lan,ERROR
1936:uap,ERROR
1936:atn,ERROR
1936:wja,ERROR
1936:mut,ERROR
1936:day,ERROR
1936:uti,ERROR
1936:pul,ERROR
1936:sen,ERROR
1936:fyj,ERROR
1936:ely,ERROR
1936:cli,ERROR
1936:abu,ERROR
1936:lab,ERROR
1936:tlm,ERROR
1936:oor,ERROR
1936:ccl,ERROR
1936:cbd,ERROR
1936:rck,ERROR
1936:dwl,ERROR
1936:mnn,ERROR
1936:ros,ERROR
1936:rii,ERROR
1936:rac,ERROR
1936:dti,ERROR
1936:kew,ERROR
1936:syr,ERROR
1936:rch,ERROR
1936:clp,ERROR
1936:cib,ERROR
1936:cht,ERROR
1936:hrt,ERROR
1936:mck,ERROR
1936:kcb,ERROR
1937:ptq,ERROR
1937:stp,ERROR
1937:akr,ERROR
1937:tor,ERROR
1937:det,Ernie Caddel,Lloyd Cardwell,Frank Christensen,George Christensen,Dutch Clark,Hal Cooper,Harry Ebding,Ox Emerson,Bill Feldhaus,Tom Fena,Ace Gutowsky,Chuck Hanneman,Vern Huffman,Tom Hupke,Ralph Isselhardt,Jack Johnson,Lee Kizzire,Ed Klewicki,Regis Monahan,Butch Morse,Charlie Payne,Ray Reckmack,Bob Reynolds,Del Ritchhart,Bill Shepherd,Red Stacy,Dixie Stokes,Sid Wagner
1937:dpn,ERROR
1937:ptb,ERROR
1937:nyg,Dale Burnett,Pete Cole,Red Corzine,Ward Cuff,Ed Danowski,Johnny Dell Isola,Jerry Dennerlein,Stan Galazin,Chuck Gelatka,Len Grant,Jack Haden,Ray Hanken,Mel Hein,Jim Lee Howell,Larry Johnson,Mickey Kobrosky,Tuffy Leemans,Kayo Lunday,Tillie Manton,Jim Neill,Ox Parry,Jim Poole,Kink Richards,Tony Sarausky,Lee Shaffer,Hank Soar,Orville Tuttle,Will Walls,Tarzan White,Ed Widseth
1937:dul,ERROR
1937:wbu,ERROR
1937:red,ERROR
1937:cti,ERROR
1937:mil,ERROR
1937:tol,ERROR
1937:whe,ERROR
1937:bkn,Vannie Albanese,Sig Andrusking,Jim Austin,Jeff Barrett,Carl Brumbaugh,Norm Cooper,Dick Crayne,Frank Cumiskey,Averell Daniell,Red Franklin,Ed Goddard,John Golemgeske,Pat Harrison,Roy Ilowit,Bert Johnson,Wagner Jorgensen,Tony Kaska,Shipwreck Kelly,Ralph Kercheval,Fred King,Henry Krause,Bill Lee,Rube Leisk,Father Lumpkin,Joe Maniaci,Buster Mitchell,Don Nelson,Reino Nori,Ace Parker,Ray Reckmack,Sandy Sandberg,Ed Skoronski,Jim Whatley
1937:ken,ERROR
1937:log,ERROR
1937:gb,ERROR
1937:lar,ERROR
1937:dhr,ERROR
1937:prv,ERROR
1937:brl,ERROR
1937:pit,Mike Basrak,Frank Billock,Johnny Blood,Bill Breeden,Jeep Brett,Mac Cara,Joe Cardwell,Bill Davidson,Max Fiske,Byron Gentry,Johnny Gildea,By Haines,Billy Harris,Tex Holcomb,George Kakasic,Bull Karcis,Ed Karpowich,Walt Kiesling,Lindy Mayhew,Armand Niccolai,John Perko,Buster Raborn,George Rado,Sandy Sandberg,Dick Sandefur,Vinnie Sites,Stu Smith,Bill Sortet,Tuffy Thompson,Izzy Weinstock,Silvio Zaninelli
1937:bff,ERROR
1937:mun,ERROR
1937:cwp,ERROR
1937:ari,ERROR
1937:tho,ERROR
1937:ton,ERROR
1937:gun,ERROR
1937:wsh,ERROR
1937:gar,ERROR
1937:cnc,ERROR
1937:lou,ERROR
1937:ecg,ERROR
1937:col,ERROR
1937:dtm,ERROR
1937:chb,ERROR
1937:ham,ERROR
1937:ric,ERROR
1937:chl,ERROR
1937:chi,Frank Bausch,Kay Bell,John Bettridge,Del Bjork,Carl Brumbaugh,Ray Buivid,Bill Conkright,George Corbett,John Doehring,Beattie Feathers,Danny Fortmann,Sam Francis,Henry Hammond,Bill Karr,Jack Manders,Eggs Manske,Bernie Masterson,Les McDonald,Keith Molesworth,George Musso,Bronko Nagurski,Ray Nolting,Verne Oech,Dick Plasman,Pug Rentner,Gene Ronzani,Joe Stydahar,Frank Sullivan,Russ Thompson,Milt Trost,George Wilson,Joe Zeller
1937:cst,ERROR
1937:phi,Jay Arnold,Winnie Baze,Art Buss,Joe Carter,Jack Dempsey,Fritz Ferko,Glenn Frey,Swede Hanson,Maurice Harper,Bill Hewitt,Tex Holcomb,Billy Hughes,Rabbit Keen,Charlie Knox,John Kusko,Jim Leonard,Jim MacMurdo,Bob Masters,Forrest McPherson,Emmett Mortell,Joe Pilconis,George Rado,Hank Reese,Herb Roton,Jim Russell,Dave Smukler,Ray Spillers,Mule Stockton,Vince Zizak
1937:ftw,ERROR
1937:zan,ERROR
1937:sis,ERROR
1937:sla,ERROR
1937:ng1,ERROR
1937:nya,ERROR
1937:wgc,ERROR
1937:ftp,ERROR
1937:mnm,ERROR
1937:lan,ERROR
1937:uap,ERROR
1937:atn,ERROR
1937:wja,ERROR
1937:mut,ERROR
1937:day,ERROR
1937:uti,ERROR
1937:pul,ERROR
1937:sen,ERROR
1937:fyj,ERROR
1937:ely,ERROR
1937:cli,ERROR
1937:abu,ERROR
1937:lab,ERROR
1937:tlm,ERROR
1937:oor,ERROR
1937:ccl,ERROR
1937:cbd,ERROR
1937:rck,ERROR
1937:dwl,ERROR
1937:mnn,ERROR
1937:ros,ERROR
1937:rii,ERROR
1937:rac,ERROR
1937:dti,ERROR
1937:kew,ERROR
1937:syr,ERROR
1937:rch,ERROR
1937:clp,ERROR
1937:cib,ERROR
1937:cht,ERROR
1937:hrt,ERROR
1937:mck,ERROR
1937:kcb,ERROR
1938:ptq,ERROR
1938:stp,ERROR
1938:akr,ERROR
1938:tor,ERROR
1938:det,Lou Barle,Ernie Caddel,Lloyd Cardwell,George Christensen,Dutch Clark,Bill Feldhaus,Les Graham,Ace Gutowsky,Chuck Hanneman,Vern Huffman,Jack Johnson,Ed Klewicki,Jack Mackenroth,Tony Matisi,Jim McDonald,Regis Monahan,Butch Morse,Monk Moscrip,Dick Nardi,Maury Patt,Bill Radovich,Bob Reynolds,Bill Rogers,Kent Ryan,Bill Shepherd,Dixie Stokes,Paul Szakash,Fred Vanzo,Sid Wagner,Alex Wojciechowicz
1938:dpn,ERROR
1938:ptb,ERROR
1938:nyg,Charles Barnard,Len Barnum,Dale Burnett,Pete Cole,Frank Cope,Ward Cuff,Ed Danowski,Johnny Dell Isola,Nello Falaschi,Stan Galazin,Chuck Gelatka,Johnny Gildea,Jack Haden,Ray Hanken,Mel Hein,Jim Lee Howell,Larry Johnson,Bull Karcis,Tuffy Leemans,Kayo Lunday,Tillie Manton,John Mellus,Ox Parry,Jim Poole,Kink Richards,Lee Shaffer,Hank Soar,Orville Tuttle,Will Walls,Tarzan White,Ed Widseth,Red Wolfe
1938:dul,ERROR
1938:wbu,ERROR
1938:red,ERROR
1938:cti,ERROR
1938:mil,ERROR
1938:tol,ERROR
1938:whe,ERROR
1938:bkn,Vannie Albanese,Jim Austin,Jeff Barrett,Eddie Britt,Boyd Brumbaugh,Wendell Butcher,Norm Cooper,Leo Disend,Johnny Druze,Ox Emerson,Scrapper Farrell,Beattie Feathers,John Golemgeske,Harold Hill,Tony Kaska,Ralph Kercheval,Bruiser Kinard,Stan Kosel,Joe Maniaci,Lou Mark,Ed Merlin,Gene Moore,Len Noyes,Ace Parker,Bill Reissig,Tony Sarausky,Perry Schwartz,Jim Sivell,Bill Waller,Jim Whatley
1938:ken,ERROR
1938:log,ERROR
1938:gb,ERROR
1938:lar,ERROR
1938:dhr,ERROR
1938:prv,ERROR
1938:brl,ERROR
1938:pit,Mike Basrak,Johnny Blood,Tom Burnette,Mac Cara,Joe Cardwell,Bill Davidson,Bob Douglas,Ted Doyle,Vinnie Farrar,Scrapper Farrell,Frank Filchock,Max Fiske,Byron Gentry,Swede Hanson,George Kakasic,Bull Karcis,Ed Karpowich,Walt Kiesling,Lou Lassahn,Bernie Lee,Eggs Manske,Joe Maras,Lindy Mayhew,Karl McDade,Paul McDonough,Armand Niccolai,John Nosich,John Oelerich,John Perko,George Platukis,Jack Robinson,Jim Rorison,Stu Smith,Bill Sortet,Jess Tatum,Tuffy Thompson,Clarence Tommerson,Lou Tsoutsouvas,Izzy Weinstock,Whizzer White,Billy Wilson
1938:bff,ERROR
1938:mun,ERROR
1938:cwp,ERROR
1938:ari,ERROR
1938:tho,ERROR
1938:ton,ERROR
1938:gun,ERROR
1938:wsh,ERROR
1938:gar,ERROR
1938:cnc,ERROR
1938:lou,ERROR
1938:ecg,ERROR
1938:col,ERROR
1938:dtm,ERROR
1938:chb,ERROR
1938:ham,ERROR
1938:ric,ERROR
1938:chl,ERROR
1938:chi,Chuck Apolskis,Dick Bassi,Frank Bausch,Del Bjork,Carl Brumbaugh,Ray Buivid,Bill Conkright,George Corbett,Fred Dreher,Gary Famiglietti,Danny Fortmann,Sam Francis,Lou Gordon,Bert Johnson,Bill Karr,Jack Manders,Joe Maniaci,Eggs Manske,Bernie Masterson,Les McDonald,George Musso,Ray Nolting,Reino Nori,John Oelerich,Dick Plasman,Gene Ronzani,Dick Schweidler,Joe Stydahar,Frank Sullivan,Bob Swisher,Russ Thompson,Milt Trost,George Wilson,Gust Zarnas,Joe Zeller
1938:cst,ERROR
1938:phi,Jay Arnold,Joe Bukant,Tom Burnette,Joe Carter,John Cole,Woody Dow,Drew Ellis,Fritz Ferko,Bill Fiedler,Wimpy Giddens,Maurice Harper,Bill Hewitt,Billy Hughes,Ray Keeling,Rabbit Keen,John Kusko,Bernie Lee,Bob Masters,Emmett Mortell,Bob Pylman,George Rado,Red Ramsey,Hank Reese,Dick Riffle,Theodore Schmitt,Dave Smukler,Mule Stockton,Billy Wilson,Clem Woltman
1938:ftw,ERROR
1938:zan,ERROR
1938:sis,ERROR
1938:sla,ERROR
1938:ng1,ERROR
1938:nya,ERROR
1938:wgc,ERROR
1938:ftp,ERROR
1938:mnm,ERROR
1938:lan,ERROR
1938:uap,ERROR
1938:atn,ERROR
1938:wja,ERROR
1938:mut,ERROR
1938:day,ERROR
1938:uti,ERROR
1938:pul,ERROR
1938:sen,ERROR
1938:fyj,ERROR
1938:ely,ERROR
1938:cli,ERROR
1938:abu,ERROR
1938:lab,ERROR
1938:tlm,ERROR
1938:oor,ERROR
1938:ccl,ERROR
1938:cbd,ERROR
1938:rck,ERROR
1938:dwl,ERROR
1938:mnn,ERROR
1938:ros,ERROR
1938:rii,ERROR
1938:rac,ERROR
1938:dti,ERROR
1938:kew,ERROR
1938:syr,ERROR
1938:rch,ERROR
1938:clp,ERROR
1938:cib,ERROR
1938:cht,ERROR
1938:hrt,ERROR
1938:mck,ERROR
1938:kcb,ERROR
1939:ptq,ERROR
1939:stp,ERROR
1939:akr,ERROR
1939:tor,ERROR
1939:det,Jim Austin,Connie Mack Berry,Hal Brill,Tony Calvelli,Lloyd Cardwell,Ray Clemons,Dave Diehl,Bill Feldhaus,Ray George,Gordon Gore,Ray Hamilton,Chuck Hanneman,Elvin Hutchison,Jack Johnson,Steve Maronic,Phil Martinovich,Jim McDonald,Bill Moore,Monk Moscrip,Johnny Pingel,Bill Radovich,Bill Rogers,Kent Ryan,Bill Shepherd,Dwight Sloan,Dixie Stokes,Paul Szakash,Cal Thomas,Tony Tonelli,Darrell Tully,Fred Vanzo,Howie Weiss,John Wiatrak,Socko Wiethe,Alex Wojciechowicz
1939:dpn,ERROR
1939:ptb,ERROR
1939:nyg,Len Barnum,Dale Burnett,Pete Cole,Frank Cope,Ward Cuff,Ed Danowski,Johnny Dell Isola,Nello Falaschi,Stan Galazin,Chuck Gelatka,Mel Hein,Jim Lee Howell,Larry Johnson,Bull Karcis,Jiggs Kline,Tuffy Leemans,Kayo Lunday,John Mellus,Eddie Miller,Doug Oldershaw,Al Owen,Ox Parry,Jim Poole,Kink Richards,Lee Shaffer,Hank Soar,Ken Strong,Orville Tuttle,Will Walls,Tarzan White,Ed Widseth
